query_id,query_version,rank,memory_id,semantic_similarity,state_alignment,context_alignment,experience_alignment,final_ranking_score
Q001,base,1,M035956,1.0,1.0,1.0,1.0,1.0
Q001,base,2,M028549,0.9981349110603333,0.7142857142857143,0.9807776193272376,1.0,0.9940752983093262
Q001,base,3,M035537,0.9994309544563293,0.8571428571428571,0.9744138495092693,1.0,0.9932620525360107
Q001,base,4,M032957,0.9983353018760681,0.8571428571428571,0.96197571512457,1.0,0.9894951581954956
Q001,base,5,M028255,0.9990233778953552,0.7142857142857143,0.9601190476190476,1.0,0.9894437789916992
Q001,shifted,1,M035956,1.0,0.9591836734693878,1.0,1.0,1.0
Q001,shifted,2,M035537,0.9994309544563293,0.8163265306122449,0.9744138495092693,1.0,0.9932620525360107
Q001,shifted,3,M032957,0.9983353018760681,0.8163265306122449,0.96197571512457,1.0,0.9894951581954956
Q001,shifted,4,M025421,0.9980544447898865,0.9591836734693878,0.9598901098901099,1.0,0.9888051748275757
Q001,shifted,5,M031286,0.9980711340904236,0.8163265306122449,0.9506501132455332,1.0,0.9865051507949829
Q002,base,1,M060927,1.0,1.0,1.0,1.0,1.0
Q002,base,2,M080873,0.9988524913787842,1.0,0.9883996728462376,1.0,0.9964114427566528
Q002,base,3,M069758,0.998687744140625,0.9965986394557823,0.9790757906215921,1.0,0.9939815998077393
Q002,base,4,M085993,0.9992295503616333,0.819047619047619,0.9768947655398037,1.0,0.993761420249939
Q002,base,5,M047437,0.999078631401062,0.819047619047619,0.9770992366412213,1.0,0.9937219619750977
Q002,shifted,1,M060927,1.0,0.9924812030075189,1.0,1.0,1.0
Q002,shifted,2,M080873,0.9988524913787842,0.9924812030075189,0.9883996728462376,1.0,0.9964114427566528
Q002,shifted,3,M069758,0.998687744140625,0.9890798424633012,0.9790757906215921,1.0,0.9939815998077393
Q002,shifted,4,M085993,0.9992295503616333,0.8115288220551379,0.9768947655398037,1.0,0.993761420249939
Q002,shifted,5,M047437,0.999078631401062,0.8115288220551379,0.9770992366412213,1.0,0.9937219619750977
Q003,base,1,M079920,1.0,0.9714285714285714,1.0,1.0,1.0
Q003,base,2,M012821,0.9993844032287598,0.9734693877551022,0.9938522355507089,1.0,0.9980937242507935
Q003,base,3,M072610,0.9990502595901489,0.7925170068027212,0.9859187568157034,1.0,0.9959099292755127
Q003,base,4,M090781,0.999200701713562,0.7959183673469389,0.9743184296619412,1.0,0.9931000471115112
Q003,base,5,M004476,0.998794674873352,0.8115646258503402,0.9730234460196293,1.0,0.9925327301025391
Q003,shifted,1,M079920,1.0,0.980952380952381,1.0,1.0,1.0
Q003,shifted,2,M012821,0.9993844032287598,0.9448979591836736,0.9938522355507089,1.0,0.9980937242507935
Q003,shifted,3,M072610,0.9990502595901489,0.8401360544217688,0.9859187568157034,1.0,0.9959099292755127
Q003,shifted,4,M090781,0.999200701713562,0.8435374149659864,0.9743184296619412,1.0,0.9931000471115112
Q003,shifted,5,M004476,0.998794674873352,0.8210884353741498,0.9730234460196293,1.0,0.9925327301025391
Q004,base,1,M050078,1.0,0.8571428571428571,1.0,1.0,1.0
Q004,base,2,M059745,0.9982020854949951,0.8503401360544218,0.9780219780219781,1.0,0.9934267997741699
Q004,base,3,M049322,0.9965438842773438,0.8312925170068028,0.9580089757570673,1.0,0.9874286651611328
Q004,base,4,M059135,0.9978526830673218,0.8217687074829932,0.9417215418169617,1.0,0.9841419458389282
Q004,base,5,M091738,0.9967393279075623,0.8312925170068028,0.9236400050331348,1.0,0.9789535999298096
Q004,shifted,1,M050078,1.0,0.8571428571428571,1.0,1.0,1.0
Q004,shifted,2,M059745,0.9982020854949951,0.8503401360544218,0.9780219780219781,1.0,0.9934267997741699
Q004,shifted,3,M049322,0.9965438842773438,0.8312925170068028,0.9580089757570673,1.0,0.9874286651611328
Q004,shifted,4,M059135,0.9978526830673218,0.8217687074829932,0.9417215418169617,1.0,0.9841419458389282
Q004,shifted,5,M091738,0.9967393279075623,0.8312925170068028,0.9236400050331348,1.0,0.9789535999298096
Q005,base,1,M044080,1.0,0.9931972789115646,1.0,1.0,1.0
Q005,base,2,M084721,0.9992156624794006,0.834013605442177,0.9945474372955289,1.0,0.9981663227081299
Q005,base,3,M047189,0.9991359114646912,0.7108843537414966,0.9931570338058887,1.0,0.9977707862854004
Q005,base,4,M054335,0.998910665512085,0.8312925170068028,0.9934569247546347,1.0,0.9977105855941772
Q005,base,5,M095999,0.9986827373504639,0.7074829931972789,0.9858233369683751,1.0,0.9956655502319336
Q005,shifted,1,M044080,1.0,0.9659863945578231,1.0,1.0,1.0
Q005,shifted,2,M084721,0.9992156624794006,0.8068027210884354,0.9945474372955289,1.0,0.9981663227081299
Q005,shifted,3,M054335,0.998910665512085,0.8040816326530612,0.9934569247546347,1.0,0.9977105855941772
Q005,shifted,4,M099801,0.9989891648292542,0.9527031865377731,0.9836423118865867,1.0,0.9953041076660156
Q005,shifted,5,M021069,0.9986882209777832,0.7850340136054422,0.9774945474372955,1.0,0.993586540222168
Q006,base,1,M004727,1.0,0.9981203007518796,1.0,1.0,1.0
Q006,base,2,M016297,0.9977824687957764,0.8171679197994987,0.9870092693565977,1.0,0.9954218864440918
Q006,base,3,M014732,0.9978636503219604,0.7885964912280701,0.9806821994799094,1.0,0.9938887357711792
Q006,base,4,M090795,0.998614490032196,0.7802721088435375,0.9785850599781897,1.0,0.9938149452209473
Q006,base,5,M089503,0.9993441104888916,0.7885964912280701,0.9760087241003271,1.0,0.9936087131500244
Q006,shifted,1,M004727,1.0,0.9906015037593985,1.0,1.0,1.0
Q006,shifted,2,M016297,0.9977824687957764,0.8096491228070175,0.9870092693565977,1.0,0.9954218864440918
Q006,shifted,3,M014732,0.9978636503219604,0.7810776942355889,0.9806821994799094,1.0,0.9938887357711792
Q006,shifted,4,M090795,0.998614490032196,0.7727533118510562,0.9785850599781897,1.0,0.9938149452209473
Q006,shifted,5,M089503,0.9993441104888916,0.7810776942355889,0.9760087241003271,1.0,0.9936087131500244
Q007,base,1,M029944,1.000000238418579,1.0,1.0,1.0,1.0000001192092896
Q007,base,2,M030690,0.9987031817436218,0.8476190476190476,0.9678616866593964,1.0,0.991187334060669
Q007,base,3,M003265,0.9979531168937683,0.8244897959183675,0.9533966669462852,1.0,0.9871209859848022
Q007,base,4,M041095,0.9984678626060486,0.8285714285714285,0.9506410256410256,1.0,0.9867409467697144
Q007,base,5,M035734,0.9985516667366028,0.819047619047619,0.9494299275787824,1.0,0.9864885807037354
Q007,shifted,1,M029944,1.000000238418579,0.9619047619047619,1.0,1.0,1.0000001192092896
Q007,shifted,2,M030690,0.9987031817436218,0.8285714285714285,0.9678616866593964,1.0,0.991187334060669
Q007,shifted,3,M003265,0.9979531168937683,0.8244897959183675,0.9533966669462852,1.0,0.9871209859848022
Q007,shifted,4,M041095,0.9984678626060486,0.8476190476190476,0.9506410256410256,1.0,0.9867409467697144
Q007,shifted,5,M035734,0.9985516667366028,0.8571428571428571,0.9494299275787824,1.0,0.9864885807037354
Q008,base,1,M084575,1.0000001192092896,0.8571428571428571,1.0,1.0,1.0000001192092896
Q008,base,2,M076048,0.9997464418411255,0.8518617973505191,0.9964285714285713,1.0,0.9989550113677979
Q008,base,3,M065714,0.9995644688606262,0.707124955245256,0.994942748091603,1.0,0.9984743595123291
Q008,base,4,M076797,0.9991171956062317,0.7090046544933762,0.9942475463467829,1.0,0.9980322122573853
Q008,base,5,M063614,0.9990450143814087,0.8069638381668457,0.9942475463467829,1.0,0.9979889392852783
Q008,shifted,1,M084575,1.0000001192092896,0.8571428571428571,1.0,1.0,1.0000001192092896
Q008,shifted,2,M076048,0.9997464418411255,0.9947189402076619,0.9964285714285713,1.0,0.9989550113677979
Q008,shifted,3,M065714,0.9995644688606262,0.707124955245256,0.994942748091603,1.0,0.9984743595123291
Q008,shifted,4,M076797,0.9991171956062317,0.8518617973505191,0.9942475463467829,1.0,0.9980322122573853
Q008,shifted,5,M063614,0.9990450143814087,0.8069638381668457,0.9942475463467829,1.0,0.9979889392852783
Q009,base,1,M059479,1.0000001192092896,0.9863945578231293,1.0,1.0,1.0000001192092896
Q009,base,2,M022445,0.9995251893997192,0.8122448979591838,0.9971237731733914,1.0,0.9989960193634033
Q009,base,3,M053522,0.999415397644043,0.8435374149659864,0.9902808069792803,1.0,0.997219443321228
Q009,base,4,M043070,0.998935341835022,0.8312925170068028,0.9899809160305343,1.0,0.9968564510345459
Q009,base,5,M076903,0.9993971586227417,0.8054421768707484,0.9877044711014176,1.0,0.996564507484436
Q009,shifted,1,M059479,1.0000001192092896,0.9591836734693878,1.0,1.0,1.0000001192092896
Q009,shifted,2,M022445,0.9995251893997192,0.7850340136054422,0.9971237731733914,1.0,0.9989960193634033
Q009,shifted,3,M053522,0.999415397644043,0.8163265306122449,0.9902808069792803,1.0,0.997219443321228
Q009,shifted,4,M043070,0.998935341835022,0.8040816326530612,0.9899809160305343,1.0,0.9968564510345459
Q009,shifted,5,M076903,0.9993971586227417,0.7782312925170068,0.9877044711014176,1.0,0.996564507484436
Q010,base,1,M056742,1.0,0.9962406015037594,1.0,1.0,1.0
Q010,base,2,M020473,0.9994295835494995,0.9799140708915146,0.9931570338058887,1.0,0.9979469776153564
Q010,base,3,M022852,0.9990639686584473,0.8180093089867526,0.9924618320610687,1.0,0.9975539445877075
Q010,base,4,M070100,0.9994654655456543,0.7870748299319728,0.9857142857142858,1.0,0.996107816696167
Q010,base,5,M085336,0.9990699887275696,0.8171679197994987,0.9820474372955289,1.0,0.9949538707733154
Q010,shifted,1,M056742,1.0,0.9887218045112781,1.0,1.0,1.0
Q010,shifted,2,M020473,0.9994295835494995,0.9723952738990332,0.9931570338058887,1.0,0.9979469776153564
Q010,shifted,3,M022852,0.9990639686584473,0.8104905119942714,0.9924618320610687,1.0,0.9975539445877075
Q010,shifted,4,M070100,0.9994654655456543,0.7795560329394916,0.9857142857142858,1.0,0.996107816696167
Q010,shifted,5,M085336,0.9990699887275696,0.8096491228070175,0.9820474372955289,1.0,0.9949538707733154
Q011,base,1,M043191,1.0000001192092896,0.9714285714285714,1.0,1.0,1.0000001192092896
Q011,base,2,M042153,1.0000001192092896,0.9714285714285714,1.0,1.0,1.0000001192092896
Q011,base,3,M063474,1.0000001192092896,0.8285714285714285,1.0,1.0,1.0000001192092896
Q011,base,4,M042506,1.0000001192092896,0.8025241675617615,1.0,1.0,1.0000001192092896
Q011,base,5,M089762,0.999800980091095,0.7047619047619048,0.9964285714285713,1.0,0.9989877939224243
Q011,shifted,1,M043191,1.0000001192092896,1.0,1.0,1.0,1.0000001192092896
Q011,shifted,2,M042153,1.0000001192092896,1.0,1.0,1.0,1.0000001192092896
Q011,shifted,3,M063474,1.0000001192092896,0.8571428571428571,1.0,1.0,1.0000001192092896
Q011,shifted,4,M042506,1.0000001192092896,0.8310955961331901,1.0,1.0,1.0000001192092896
Q011,shifted,5,M042804,0.999800980091095,0.8476190476190476,0.9964285714285713,1.0,0.9989877939224243
Q012,base,1,M057809,1.0000001192092896,0.8571428571428571,1.0,1.0,1.0000001192092896
Q012,base,2,M078223,0.9991438388824463,0.8306122448979593,0.9849236641221374,1.0,0.9957172870635986
Q012,base,3,M081373,0.9991778135299683,0.8380952380952381,0.9841330425299891,1.0,0.9955400228500366
Q012,base,4,M091742,0.9990804195404053,1.0,0.971633042529989,1.0,0.992356538772583
Q012,base,5,M056558,0.998988151550293,0.7142857142857143,0.9705561613958561,1.0,0.9920319318771362
Q012,shifted,1,M057809,1.0000001192092896,0.8571428571428571,1.0,1.0,1.0000001192092896
Q012,shifted,2,M078223,0.9991438388824463,0.8306122448979593,0.9849236641221374,1.0,0.9957172870635986
Q012,shifted,3,M081373,0.9991778135299683,0.8380952380952381,0.9841330425299891,1.0,0.9955400228500366
Q012,shifted,4,M091742,0.9990804195404053,0.8571428571428571,0.971633042529989,1.0,0.992356538772583
Q012,shifted,5,M056558,0.998988151550293,0.7142857142857143,0.9705561613958561,1.0,0.9920319318771362
Q013,base,1,M004656,1.0000001192092896,1.0,1.0,1.0,1.0000001192092896
Q013,base,2,M000652,0.997107207775116,0.9904761904761905,0.9714537371025921,1.0,0.9911277294158936
Q013,base,3,M000489,0.9978896975517273,0.8476190476190476,0.9266154964628248,1.0,0.9803876876831055
Q013,base,4,M000224,0.9966926574707031,0.8380952380952381,0.9211835556301206,1.0,0.9783115386962891
Q013,base,5,M000522,0.9957696199417114,0.8285714285714285,0.9303165981601096,0.6666666666666666,0.9300410151481628
Q013,shifted,1,M004656,1.0000001192092896,0.9516648764769066,1.0,1.0,1.0000001192092896
Q013,shifted,2,M000652,0.997107207775116,0.9421410669530971,0.9714537371025921,1.0,0.9911277294158936
Q013,shifted,3,M000489,0.9978896975517273,0.7992839240959543,0.9266154964628248,1.0,0.9803876876831055
Q013,shifted,4,M000224,0.9966926574707031,0.7897601145721447,0.9211835556301206,1.0,0.9783115386962891
Q013,shifted,5,M000522,0.9957696199417114,0.7802363050483352,0.9303165981601096,0.6666666666666666,0.9300410151481628
Q014,base,1,M035347,1.0,0.9523809523809524,1.0,1.0,1.0
Q014,base,2,M022194,0.997409462928772,0.7940386680988185,0.9362598915079829,1.0,0.9825106859207153
Q014,base,3,M012192,0.996539831161499,0.8171679197994987,0.9520289824679138,0.6666666666666666,0.9359312057495117
Q014,base,4,M061545,0.9918105602264404,0.9749910490511995,0.9073067835472415,0.6666666666666666,0.9219130277633667
Q014,base,5,M034318,0.987061083316803,0.8253311851056212,0.9056325671783687,0.6666666666666666,0.9186448454856873
Q014,shifted,1,M035347,1.0,0.979591836734694,1.0,1.0,1.0
Q014,shifted,2,M022194,0.997409462928772,0.82124955245256,0.9362598915079829,1.0,0.9825106859207153
Q014,shifted,3,M012192,0.996539831161499,0.8253311851056212,0.9520289824679138,0.6666666666666666,0.9359312057495117
Q014,shifted,4,M061545,0.9918105602264404,0.9069638381668457,0.9073067835472415,0.6666666666666666,0.9219130277633667
Q014,shifted,5,M034318,0.987061083316803,0.803562477622628,0.9056325671783687,0.6666666666666666,0.9186448454856873
Q015,base,1,M051010,1.0,0.8503401360544218,1.0,1.0,1.0
Q015,base,2,M101026,0.9993199110031128,0.7993197278911566,0.9982142857142857,1.0,0.9991455078125
Q015,base,3,M075258,0.9991916418075562,0.8122448979591838,0.993552344601963,1.0,0.9979031085968018
Q015,base,4,M063219,0.9991055727005005,0.8380952380952381,0.9931570338058887,1.0,0.9977525472640991
Q015,base,5,M039788,0.998693585395813,0.7142857142857143,0.9931570338058887,1.0,0.9975054264068604
Q015,shifted,1,M051010,1.0,0.9659863945578231,1.0,1.0,1.0
Q015,shifted,2,M101026,0.9993199110031128,0.7585034013605443,0.9982142857142857,1.0,0.9991455078125
Q015,shifted,3,M075258,0.9991916418075562,0.927891156462585,0.993552344601963,1.0,0.9979031085968018
Q015,shifted,4,M063219,0.9991055727005005,0.7972789115646258,0.9931570338058887,1.0,0.9977525472640991
Q015,shifted,5,M098760,0.9993159770965576,0.9306122448979591,0.9910714285714286,1.0,0.9973574876785278
Q016,base,1,M026665,1.0,1.0,1.0,1.0,1.0
Q016,base,2,M087806,0.9994206428527832,0.8571428571428571,0.9960332606324973,1.0,0.998660683631897
Q016,base,3,M068757,0.9996577501296997,0.8122448979591838,0.9946428571428572,1.0,0.9984554052352905
Q016,base,4,M070107,0.9994356632232666,0.8435374149659864,0.993552344601963,1.0,0.9980494976043701
Q016,base,5,M089155,0.9997481107711792,0.8503401360544218,0.9910714285714286,1.0,0.9976167678833008
Q016,shifted,1,M026665,1.0,0.849624060150376,1.0,1.0,1.0
Q016,shifted,2,M087806,0.9994206428527832,0.7067669172932332,0.9960332606324973,1.0,0.998660683631897
Q016,shifted,3,M068757,0.9996577501296997,0.8047261009667025,0.9946428571428572,1.0,0.9984554052352905
Q016,shifted,4,M070107,0.9994356632232666,0.8360186179735053,0.993552344601963,1.0,0.9980494976043701
Q016,shifted,5,M065454,0.9994766712188721,0.849624060150376,0.9905806979280262,1.0,0.9973311424255371
Q017,base,1,M058435,1.000000238418579,0.9551020408163265,1.0,1.0,1.0000001192092896
Q017,base,2,M035900,0.9987359642982483,0.8050841389187254,0.97025627044711,1.0,0.9918056726455688
Q017,base,3,M044584,0.9985114336013794,0.8122448979591838,0.9606234096692111,1.0,0.9892627000808716
Q017,base,4,M052454,0.9986316561698914,0.8408163265306123,0.9545098984984481,1.0,0.9878065586090088
Q017,base,5,M059516,0.9993190765380859,0.8020408163265307,0.9459332969829154,1.0,0.9860748052597046
Q017,shifted,1,M058435,1.000000238418579,0.9591836734693878,1.0,1.0,1.0000001192092896
Q017,shifted,2,M035900,0.9987359642982483,0.8091657715717867,0.97025627044711,1.0,0.9918056726455688
Q017,shifted,3,M044584,0.9985114336013794,0.8163265306122449,0.9606234096692111,1.0,0.9892627000808716
Q017,shifted,4,M052454,0.9986316561698914,0.7877551020408163,0.9545098984984481,1.0,0.9878065586090088
Q017,shifted,5,M059516,0.9993190765380859,0.8061224489795918,0.9459332969829154,1.0,0.9860748052597046
Q018,base,1,M050950,1.0000001192092896,0.9619047619047619,1.0,1.0,1.0000001192092896
Q018,base,2,M070554,0.999678373336792,0.819047619047619,0.9892857142857142,1.0,0.9971284866333008
Q018,base,3,M047611,0.999678373336792,0.9714285714285714,0.9892857142857142,1.0,0.9971284866333008
Q018,base,4,M100060,0.9984458684921265,0.7993197278911566,0.974618320610687,1.0,0.9927221536636353
Q018,base,5,M052330,0.9986474514007568,0.8095238095238095,0.9604416575790621,1.0,0.989298939704895
Q018,shifted,1,M050950,1.0000001192092896,0.9791979949874686,1.0,1.0,1.0000001192092896
Q018,shifted,2,M070554,0.999678373336792,0.8363408521303258,0.9892857142857142,1.0,0.9971284866333008
Q018,shifted,3,M047611,0.999678373336792,0.9696741854636591,0.9892857142857142,1.0,0.9971284866333008
Q018,shifted,4,M100060,0.9984458684921265,0.8356605800214822,0.974618320610687,1.0,0.9927221536636353
Q018,shifted,5,M098989,0.9990231990814209,0.7030075187969924,0.9663758633224281,1.0,0.991007924079895
Q019,base,1,M046472,0.9999999403953552,0.8571428571428571,1.0,1.0,1.0
Q019,base,2,M026024,0.996228039264679,0.7931972789115646,0.9349152755641306,1.0,0.9814656972885132
Q019,base,3,M044611,0.9980992674827576,0.8571428571428571,0.9644083969465649,0.6666666666666666,0.9399617314338684
Q019,base,4,M033266,0.9973161220550537,0.8122448979591838,0.9554571065067247,0.6666666666666666,0.9372539520263672
Q019,base,5,M043388,0.9955116510391235,0.8571428571428571,0.9546168526130357,0.6666666666666666,0.9359612464904785
Q019,shifted,1,M046472,0.9999999403953552,0.979591836734694,1.0,1.0,1.0
Q019,shifted,2,M026024,0.996228039264679,0.7727891156462584,0.9349152755641306,1.0,0.9814656972885132
Q019,shifted,3,M044611,0.9980992674827576,0.8367346938775511,0.9644083969465649,0.6666666666666666,0.9399617314338684
Q019,shifted,4,M033266,0.9973161220550537,0.7918367346938775,0.9554571065067247,0.6666666666666666,0.9372539520263672
Q019,shifted,5,M043388,0.9955116510391235,0.8367346938775511,0.9546168526130357,0.6666666666666666,0.9359612464904785
Q020,base,1,M048011,1.0,0.8408163265306123,1.0,1.0,1.0
Q020,base,2,M069109,0.9990991950035095,0.9482993197278912,0.9806570338058888,1.0,0.9946237802505493
Q020,base,3,M033563,0.9956273436546326,0.8476190476190476,0.9691772921734755,1.0,0.9896707534790039
Q020,base,4,M061337,0.9985913038253784,0.7056032939491585,0.9560568884042165,1.0,0.9881690740585327
Q020,base,5,M064735,0.9988635778427124,0.8469387755102041,0.943452380952381,1.0,0.9851812124252319
Q020,shifted,1,M048011,1.0,0.7687074829931974,1.0,1.0,1.0
Q020,shifted,2,M069109,0.9990991950035095,0.8231292517006803,0.9806570338058888,1.0,0.9946237802505493
Q020,shifted,3,M055358,0.995281457901001,0.7891156462585034,0.9740552386544753,1.0,0.9906827211380005
Q020,shifted,4,M033563,0.9956273436546326,0.7755102040816327,0.9691772921734755,1.0,0.9896707534790039
Q020,shifted,5,M064735,0.9988635778427124,0.7748299319727892,0.943452380952381,1.0,0.9851812124252319
