experiment_id,bank_condition,query_id,query_version,baseline_avg_state_alignment,baseline_min_state_alignment,baseline_misaligned_count,baseline_retrieved_count,sacr_avg_state_alignment,sacr_min_state_alignment,sacr_misaligned_count,sacr_retrieved_count,alignment_improvement,misalignment_reduction,baseline_shift_drop,sacr_shift_drop
RQ1_20260914T175757Z,normal,Q001,base,0.9020408163265307,0.834013605442177,0,5,0.8285714285714286,0.7142857142857143,0,5,-0.07346938775510203,0,,
RQ1_20260914T175757Z,normal,Q001,shifted,0.8666666666666668,0.8163265306122449,0,5,0.8734693877551021,0.8163265306122449,0,5,0.006802721088435271,0,0.03537414965986385,-0.04489795918367345
RQ1_20260914T175757Z,normal,Q002,base,0.8355102040816325,0.6918367346938776,1,5,0.926938775510204,0.819047619047619,0,5,0.09142857142857153,1,,
RQ1_20260914T175757Z,normal,Q002,shifted,0.8279914070891514,0.6843179377013965,1,5,0.919419978517723,0.8115288220551379,0,5,0.09142857142857153,1,0.007518796992481036,0.007518796992481036
RQ1_20260914T175757Z,normal,Q003,base,0.8118367346938775,0.65578231292517,2,5,0.8689795918367349,0.7925170068027212,0,5,0.057142857142857384,2,,
RQ1_20260914T175757Z,normal,Q003,shifted,0.8289795918367349,0.6843537414965987,2,5,0.8861224489795919,0.8210884353741498,0,5,0.05714285714285705,2,-0.01714285714285735,-0.017142857142857015
RQ1_20260914T175757Z,normal,Q004,base,0.7526530612244897,0.545578231292517,2,5,0.8383673469387756,0.8217687074829932,0,5,0.08571428571428585,2,,
RQ1_20260914T175757Z,normal,Q004,shifted,0.8097959183673469,0.6884353741496599,1,5,0.8383673469387756,0.8217687074829932,0,5,0.028571428571428692,1,-0.05714285714285716,0.0
RQ1_20260914T175757Z,normal,Q005,base,0.7221768707482993,0.545578231292517,4,5,0.815374149659864,0.7074829931972789,0,5,0.09319727891156471,4,,
RQ1_20260914T175757Z,normal,Q005,shifted,0.6949659863945578,0.5183673469387755,4,5,0.8629215896885072,0.7850340136054422,0,5,0.16795560329394943,4,0.027210884353741527,-0.047547440028643195
RQ1_20260914T175757Z,normal,Q006,base,0.7834264232008593,0.6484604368063014,2,5,0.8345506623702112,0.7802721088435375,0,5,0.05112423916935194,2,,
RQ1_20260914T175757Z,normal,Q006,shifted,0.775907626208378,0.6409416398138202,2,5,0.82703186537773,0.7727533118510562,0,5,0.05112423916935194,2,0.007518796992481258,0.007518796992481258
RQ1_20260914T175757Z,normal,Q007,base,0.8348299319727891,0.6761904761904762,1,5,0.8639455782312926,0.819047619047619,0,5,0.02911564625850349,1,,
RQ1_20260914T175757Z,normal,Q007,shifted,0.8386394557823129,0.7142857142857143,0,5,0.8639455782312926,0.8244897959183675,0,5,0.025306122448979673,0,-0.003809523809523818,0.0
RQ1_20260914T175757Z,normal,Q008,base,0.6986322950232724,0.5355352667382742,3,5,0.7864196204797709,0.707124955245256,0,5,0.08778732545649848,3,,
RQ1_20260914T175757Z,normal,Q008,shifted,0.6986322950232724,0.5355352667382742,3,5,0.843562477622628,0.707124955245256,0,5,0.14493018259935564,3,0.0,-0.05714285714285716
RQ1_20260914T175757Z,normal,Q009,base,0.6495094880057286,0.5201754385964913,4,5,0.8557823129251702,0.8054421768707484,0,5,0.20627282491944154,4,,
RQ1_20260914T175757Z,normal,Q009,shifted,0.6222986036519871,0.4929645542427497,4,5,0.8285714285714285,0.7782312925170068,0,5,0.20627282491944143,4,0.027210884353741527,0.027210884353741638
RQ1_20260914T175757Z,normal,Q010,base,0.7616183315431435,0.6588256355173648,3,5,0.8796813462226994,0.7870748299319728,0,5,0.11806301467955593,3,,
RQ1_20260914T175757Z,normal,Q010,shifted,0.7540995345506624,0.6513068385248836,3,5,0.8721625492302183,0.7795560329394916,0,5,0.11806301467955593,3,0.007518796992481147,0.007518796992481147
RQ1_20260914T175757Z,normal,Q011,base,0.8557429287504474,0.7047619047619048,0,5,0.8557429287504474,0.7047619047619048,0,5,0.0,0,,
RQ1_20260914T175757Z,normal,Q011,shifted,0.8728857858933047,0.6761904761904762,1,5,0.9071715001790188,0.8310955961331901,0,5,0.03428571428571414,1,-0.017142857142857237,-0.05142857142857138
RQ1_20260914T175757Z,normal,Q012,base,0.7808163265306123,0.6755102040816326,2,5,0.8480272108843538,0.7142857142857143,0,5,0.06721088435374156,2,,
RQ1_20260914T175757Z,normal,Q012,shifted,0.7522448979591837,0.6755102040816326,3,5,0.8194557823129252,0.7142857142857143,0,5,0.06721088435374145,3,0.02857142857142858,0.028571428571428692
RQ1_20260914T175757Z,normal,Q013,base,0.8076190476190476,0.6666666666666667,2,5,0.9047619047619048,0.8380952380952381,0,5,0.0971428571428572,2,,
RQ1_20260914T175757Z,normal,Q013,shifted,0.7592839240959542,0.6183315431435733,2,5,0.8564267812388113,0.7897601145721447,0,5,0.09714285714285709,2,0.048335123523093326,0.04833512352309344
RQ1_20260914T175757Z,normal,Q014,base,0.7571356963838167,0.6511815252416756,3,5,0.8703329752953813,0.7940386680988185,0,5,0.11319727891156461,3,,
RQ1_20260914T175757Z,normal,Q014,shifted,0.750060866451844,0.640297171500179,3,5,0.8708771929824562,0.7926781238811315,0,5,0.12081632653061225,3,0.007074829931972726,-0.0005442176870749105
RQ1_20260914T175757Z,normal,Q015,base,0.7838095238095238,0.682312925170068,2,5,0.8028571428571428,0.7142857142857143,0,5,0.01904761904761898,2,,
RQ1_20260914T175757Z,normal,Q015,shifted,0.8082993197278912,0.6414965986394557,1,5,0.8760544217687075,0.7585034013605443,0,5,0.06775510204081636,1,-0.024489795918367308,-0.07319727891156469
RQ1_20260914T175757Z,normal,Q016,base,0.8438739706408878,0.5559434300035804,1,5,0.8726530612244898,0.8122448979591838,0,5,0.028779090583602063,1,,
RQ1_20260914T175757Z,normal,Q016,shifted,0.7235732187611887,0.5521840315073397,2,5,0.8093519513068387,0.7067669172932332,0,5,0.08577873254564994,2,0.12030075187969902,0.06330110991765114
RQ1_20260914T175757Z,normal,Q017,base,0.7941818832796276,0.697278911564626,2,5,0.8430576441102758,0.8020408163265307,0,5,0.04887576083064826,2,,
RQ1_20260914T175757Z,normal,Q017,shifted,0.7628893662728249,0.625170068027211,2,5,0.8357107053347654,0.7877551020408163,0,5,0.07282133906194055,2,0.03129251700680269,0.007346938775510403
RQ1_20260914T175757Z,normal,Q018,base,0.8476190476190476,0.6666666666666667,1,5,0.8722448979591837,0.7993197278911566,0,5,0.02462585034013609,1,,
RQ1_20260914T175757Z,normal,Q018,shifted,0.8649122807017544,0.7030075187969924,0,5,0.8647762262799856,0.7030075187969924,0,5,-0.00013605442176878313,0,-0.017293233082706805,0.007468671679198069
RQ1_20260914T175757Z,normal,Q019,base,0.7273469387755103,0.545578231292517,2,5,0.8277551020408163,0.7931972789115646,0,5,0.100408163265306,2,,
RQ1_20260914T175757Z,normal,Q019,shifted,0.7355102040816325,0.5251700680272109,2,5,0.8435374149659862,0.7727891156462584,0,5,0.10802721088435374,2,-0.008163265306122214,-0.01578231292516996
RQ1_20260914T175757Z,normal,Q020,base,0.7708843537414967,0.545578231292517,2,5,0.8378553526673829,0.7056032939491585,0,5,0.0669709989258862,2,,
RQ1_20260914T175757Z,normal,Q020,shifted,0.7110204081632652,0.5115646258503401,2,5,0.7862585034013605,0.7687074829931974,0,5,0.07523809523809533,2,0.05986394557823149,0.05159684926602237
RQ1_20260914T175757Z,shuffled,Q001,base,0.7687074829931972,0.6761904761904762,2,5,0.8336054421768708,0.7047619047619048,0,5,0.06489795918367358,2,,
RQ1_20260914T175757Z,shuffled,Q001,shifted,0.7333333333333333,0.6353741496598639,3,5,0.814965986394558,0.7748299319727892,0,5,0.08163265306122469,3,0.03537414965986396,0.018639455782312853
RQ1_20260914T175757Z,shuffled,Q002,base,0.6423773720014322,0.5600250626566415,3,5,0.8276190476190475,0.7013605442176871,0,5,0.1852416756176153,3,,
RQ1_20260914T175757Z,shuffled,Q002,shifted,0.6363623344074473,0.5543859649122808,4,5,0.8493519513068385,0.8210526315789474,0,5,0.21298961689939122,4,0.006015037593984918,-0.021732903687791016
RQ1_20260914T175757Z,shuffled,Q003,base,0.7272108843537416,0.5068027210884354,2,5,0.8466666666666669,0.7925170068027212,0,5,0.11945578231292531,2,,
RQ1_20260914T175757Z,shuffled,Q003,shifted,0.7329251700680273,0.5544217687074829,2,5,0.8303401360544218,0.7108843537414966,0,5,0.09741496598639454,2,-0.005714285714285672,0.016326530612245094
RQ1_20260914T175757Z,shuffled,Q004,base,0.6612244897959185,0.545578231292517,4,5,0.7987755102040817,0.7074829931972789,0,5,0.13755102040816314,4,,
RQ1_20260914T175757Z,shuffled,Q004,shifted,0.689795918367347,0.545578231292517,4,5,0.8536376655925528,0.8210884353741498,0,5,0.16384174722520584,4,-0.02857142857142847,-0.05486215538847117
RQ1_20260914T175757Z,shuffled,Q005,base,0.6598639455782312,0.545578231292517,5,5,0.8084353741496599,0.7040816326530612,0,5,0.1485714285714287,5,,
RQ1_20260914T175757Z,shuffled,Q005,shifted,0.6353741496598639,0.5183673469387755,5,5,0.8131972789115647,0.8040816326530612,0,5,0.17782312925170074,5,0.024489795918367308,-0.004761904761904745
RQ1_20260914T175757Z,shuffled,Q006,base,0.6176799140708915,0.5273720014321518,5,5,0.8043788041532401,0.7885964912280701,0,5,0.18669889008234863,5,,
RQ1_20260914T175757Z,shuffled,Q006,shifted,0.6109129967776584,0.5198532044396706,5,5,0.796860007160759,0.7810776942355889,0,5,0.18594701038310057,5,0.006766917293233088,0.007518796992481147
RQ1_20260914T175757Z,shuffled,Q007,base,0.6129251700680272,0.5197278911564626,5,5,0.777687074829932,0.7047619047619048,0,5,0.1647619047619049,5,,
RQ1_20260914T175757Z,shuffled,Q007,shifted,0.6319727891156462,0.5578231292517006,4,5,0.8174149659863946,0.7047619047619048,0,5,0.18544217687074838,4,-0.01904761904761909,-0.03972789115646258
RQ1_20260914T175757Z,shuffled,Q008,base,0.694718940207662,0.6797529538131043,3,5,0.7314536340852131,0.7022019334049409,0,5,0.03673469387755113,3,,
RQ1_20260914T175757Z,shuffled,Q008,shifted,0.7518617973505191,0.6797529538131043,3,5,0.8699570354457572,0.8382563551736484,0,5,0.11809523809523814,3,-0.05714285714285705,-0.13850340136054407
RQ1_20260914T175757Z,shuffled,Q009,base,0.7903401360544218,0.672108843537415,1,5,0.8208163265306123,0.7047619047619048,0,5,0.030476190476190546,1,,
RQ1_20260914T175757Z,shuffled,Q009,shifted,0.7631292517006802,0.6448979591836734,2,5,0.8175510204081633,0.7782312925170068,0,5,0.054421768707483054,2,0.027210884353741527,0.0032653061224490187
RQ1_20260914T175757Z,shuffled,Q010,base,0.7087576083064805,0.6622269960615826,3,5,0.752703186537773,0.7037235947010384,0,5,0.043945578231292526,3,,
RQ1_20260914T175757Z,shuffled,Q010,shifted,0.7012388113139993,0.6547081990691013,3,5,0.7941639813820265,0.7030075187969924,0,5,0.09292517006802714,3,0.007518796992481147,-0.04146079484425347
RQ1_20260914T175757Z,shuffled,Q011,base,0.7820408163265306,0.5714285714285714,1,5,0.8620408163265306,0.7047619047619048,0,5,0.08000000000000007,1,,
RQ1_20260914T175757Z,shuffled,Q011,shifted,0.7839455782312925,0.5428571428571428,2,5,0.9001360544217688,0.819047619047619,0,5,0.11619047619047629,2,-0.0019047619047619646,-0.03809523809523818
RQ1_20260914T175757Z,shuffled,Q012,base,0.7989115646258504,0.6952380952380953,1,5,0.8643537414965987,0.8176870748299321,0,5,0.06544217687074827,1,,
RQ1_20260914T175757Z,shuffled,Q012,shifted,0.7989115646258504,0.6952380952380953,1,5,0.83578231292517,0.8176870748299321,0,5,0.03687074829931958,1,0.0,0.028571428571428692
RQ1_20260914T175757Z,shuffled,Q013,base,0.6400644468313641,0.5333333333333333,5,5,0.781360544217687,0.7047619047619048,0,5,0.14129609738632287,5,,
RQ1_20260914T175757Z,shuffled,Q013,shifted,0.6041174364482635,0.4849982098102399,5,5,0.7757465091299679,0.7611886860007162,0,5,0.17162907268170435,5,0.03594701038310055,0.0056140350877190714
RQ1_20260914T175757Z,shuffled,Q014,base,0.7621697099892589,0.5532223415682063,1,5,0.8062835660580022,0.7940386680988185,0,5,0.044113856068743296,1,,
RQ1_20260914T175757Z,shuffled,Q014,shifted,0.7477479412817759,0.5042427497314715,1,5,0.8144468313641248,0.7736305048335125,0,5,0.06669889008234886,1,0.014421768707483018,-0.008163265306122547
RQ1_20260914T175757Z,shuffled,Q015,base,0.655030433225922,0.5219298245614035,4,5,0.8345900465449336,0.8095238095238095,0,5,0.1795596133190116,4,,
RQ1_20260914T175757Z,shuffled,Q015,shifted,0.6250984604368064,0.4811134980307913,4,5,0.7695560329394917,0.7414965986394558,0,5,0.14445757250268532,4,0.029931972789115635,0.06503401360544192
RQ1_20260914T175757Z,shuffled,Q016,base,0.6821768707482994,0.5360544217687074,3,5,0.8077551020408164,0.7074829931972789,0,5,0.125578231292517,3,,
RQ1_20260914T175757Z,shuffled,Q016,shifted,0.7032295023272468,0.5285356247762263,4,5,0.8516648764769066,0.7849982098102399,0,5,0.1484353741496598,4,-0.021052631578947434,-0.04390977443609023
RQ1_20260914T175757Z,shuffled,Q017,base,0.7310204081632654,0.6591836734693878,3,5,0.8093877551020409,0.7816326530612245,0,5,0.07836734693877545,3,,
RQ1_20260914T175757Z,shuffled,Q017,shifted,0.7046258503401361,0.625170068027211,3,5,0.8014965986394559,0.7775510204081633,0,5,0.09687074829931974,3,0.026394557823129272,0.00789115646258498
RQ1_20260914T175757Z,shuffled,Q018,base,0.7614965986394558,0.6598639455782314,1,5,0.8010884353741495,0.7047619047619048,0,5,0.039591836734693686,1,,
RQ1_20260914T175757Z,shuffled,Q018,shifted,0.7635517364840674,0.6458646616541354,2,5,0.8272252058718224,0.7941639813820265,0,5,0.06367346938775498,2,-0.002055137844611532,-0.026136770497672823
RQ1_20260914T175757Z,shuffled,Q019,base,0.7036734693877552,0.5551020408163266,1,5,0.7556462585034014,0.7074829931972789,0,5,0.05197278911564618,1,,
RQ1_20260914T175757Z,shuffled,Q019,shifted,0.7404081632653061,0.5346938775510204,2,5,0.8100680272108842,0.801360544217687,0,5,0.0696598639455781,2,-0.036734693877550906,-0.05442176870748283
RQ1_20260914T175757Z,shuffled,Q020,base,0.5570068027210884,0.5265306122448979,5,5,0.8078911564625851,0.7074829931972789,0,5,0.25088435374149676,5,,
RQ1_20260914T175757Z,shuffled,Q020,shifted,0.5599999999999999,0.5210884353741497,5,5,0.8112925170068028,0.8034013605442177,0,5,0.2512925170068029,5,-0.0029931972789115635,-0.003401360544217691
