experiment_id,bank_condition,query_id,query_version,retrieval_method,rank,memory_id,semantic_similarity,state_alignment,context_alignment,experience_alignment,final_ranking_score,readmitted
RQ1_20260914T175757Z,normal,Q001,base,baseline,1,M035956,1.0,1.0,,,,NO
RQ1_20260914T175757Z,normal,Q001,base,baseline,2,M026240,0.9994783997535706,0.9619047619047619,,,,<30
RQ1_20260914T175757Z,normal,Q001,base,baseline,3,M035537,0.9994309544563293,0.8571428571428571,,,,NO
RQ1_20260914T175757Z,normal,Q001,base,baseline,4,M004745,0.9992327690124512,0.834013605442177,,,,>30
RQ1_20260914T175757Z,normal,Q001,base,baseline,5,M027507,0.9991887807846069,0.8571428571428571,,,,>30
RQ1_20260914T175757Z,normal,Q001,base,sacr,1,M035956,1.0,1.0,1.0,1.0,1.0,NO
RQ1_20260914T175757Z,normal,Q001,base,sacr,2,M028549,0.9981349110603333,0.7142857142857143,0.9807776193272376,1.0,0.9940752983093262,>30
RQ1_20260914T175757Z,normal,Q001,base,sacr,3,M035537,0.9994309544563293,0.8571428571428571,0.9744138495092693,1.0,0.9932620525360107,NO
RQ1_20260914T175757Z,normal,Q001,base,sacr,4,M032957,0.9983353018760681,0.8571428571428571,0.96197571512457,1.0,0.9894951581954956,NO
RQ1_20260914T175757Z,normal,Q001,base,sacr,5,M028255,0.9990233778953552,0.7142857142857143,0.9601190476190476,1.0,0.9894437789916992,NO
RQ1_20260914T175757Z,normal,Q001,shifted,baseline,1,M035956,1.0,0.9591836734693878,,,,NO
RQ1_20260914T175757Z,normal,Q001,shifted,baseline,2,M026240,0.9994783997535706,0.9210884353741496,,,,<30
RQ1_20260914T175757Z,normal,Q001,shifted,baseline,3,M035537,0.9994309544563293,0.8163265306122449,,,,NO
RQ1_20260914T175757Z,normal,Q001,shifted,baseline,4,M004745,0.9992327690124512,0.8204081632653061,,,,>30
RQ1_20260914T175757Z,normal,Q001,shifted,baseline,5,M027507,0.9991887807846069,0.8163265306122449,,,,>30
RQ1_20260914T175757Z,normal,Q001,shifted,sacr,1,M035956,1.0,0.9591836734693878,1.0,1.0,1.0,NO
RQ1_20260914T175757Z,normal,Q001,shifted,sacr,2,M035537,0.9994309544563293,0.8163265306122449,0.9744138495092693,1.0,0.9932620525360107,NO
RQ1_20260914T175757Z,normal,Q001,shifted,sacr,3,M032957,0.9983353018760681,0.8163265306122449,0.96197571512457,1.0,0.9894951581954956,NO
RQ1_20260914T175757Z,normal,Q001,shifted,sacr,4,M025421,0.9980544447898865,0.9591836734693878,0.9598901098901099,1.0,0.9888051748275757,NO
RQ1_20260914T175757Z,normal,Q001,shifted,sacr,5,M031286,0.9980711340904236,0.8163265306122449,0.9506501132455332,1.0,0.9865051507949829,NO
RQ1_20260914T175757Z,normal,Q002,base,baseline,1,M060927,1.0,1.0,,,,NO
RQ1_20260914T175757Z,normal,Q002,base,baseline,2,M085993,0.9992295503616333,0.819047619047619,,,,NO
RQ1_20260914T175757Z,normal,Q002,base,baseline,3,M053942,0.9991354942321777,0.6918367346938776,,,,>30
RQ1_20260914T175757Z,normal,Q002,base,baseline,4,M047437,0.999078631401062,0.819047619047619,,,,<30
RQ1_20260914T175757Z,normal,Q002,base,baseline,5,M050872,0.9990516901016235,0.8476190476190476,,,,>30
RQ1_20260914T175757Z,normal,Q002,base,sacr,1,M060927,1.0,1.0,1.0,1.0,1.0,NO
RQ1_20260914T175757Z,normal,Q002,base,sacr,2,M080873,0.9988524913787842,1.0,0.9883996728462376,1.0,0.9964114427566528,NO
RQ1_20260914T175757Z,normal,Q002,base,sacr,3,M069758,0.998687744140625,0.9965986394557823,0.9790757906215921,1.0,0.9939815998077393,NO
RQ1_20260914T175757Z,normal,Q002,base,sacr,4,M085993,0.9992295503616333,0.819047619047619,0.9768947655398037,1.0,0.993761420249939,NO
RQ1_20260914T175757Z,normal,Q002,base,sacr,5,M047437,0.999078631401062,0.819047619047619,0.9770992366412213,1.0,0.9937219619750977,<30
RQ1_20260914T175757Z,normal,Q002,shifted,baseline,1,M060927,1.0,0.9924812030075189,,,,NO
RQ1_20260914T175757Z,normal,Q002,shifted,baseline,2,M085993,0.9992295503616333,0.8115288220551379,,,,NO
RQ1_20260914T175757Z,normal,Q002,shifted,baseline,3,M053942,0.9991354942321777,0.6843179377013965,,,,>30
RQ1_20260914T175757Z,normal,Q002,shifted,baseline,4,M047437,0.999078631401062,0.8115288220551379,,,,<30
RQ1_20260914T175757Z,normal,Q002,shifted,baseline,5,M050872,0.9990516901016235,0.8401002506265665,,,,>30
RQ1_20260914T175757Z,normal,Q002,shifted,sacr,1,M060927,1.0,0.9924812030075189,1.0,1.0,1.0,NO
RQ1_20260914T175757Z,normal,Q002,shifted,sacr,2,M080873,0.9988524913787842,0.9924812030075189,0.9883996728462376,1.0,0.9964114427566528,NO
RQ1_20260914T175757Z,normal,Q002,shifted,sacr,3,M069758,0.998687744140625,0.9890798424633012,0.9790757906215921,1.0,0.9939815998077393,NO
RQ1_20260914T175757Z,normal,Q002,shifted,sacr,4,M085993,0.9992295503616333,0.8115288220551379,0.9768947655398037,1.0,0.993761420249939,NO
RQ1_20260914T175757Z,normal,Q002,shifted,sacr,5,M047437,0.999078631401062,0.8115288220551379,0.9770992366412213,1.0,0.9937219619750977,<30
RQ1_20260914T175757Z,normal,Q003,base,baseline,1,M079920,1.0,0.9714285714285714,,,,NO
RQ1_20260914T175757Z,normal,Q003,base,baseline,2,M020261,0.9993844032287598,0.6591836734693877,,,,NO
RQ1_20260914T175757Z,normal,Q003,base,baseline,3,M012821,0.9993844032287598,0.9734693877551022,,,,<30
RQ1_20260914T175757Z,normal,Q003,base,baseline,4,M094507,0.9993553161621094,0.7993197278911566,,,,>30
RQ1_20260914T175757Z,normal,Q003,base,baseline,5,M053193,0.9993504881858826,0.65578231292517,,,,>30
RQ1_20260914T175757Z,normal,Q003,base,sacr,1,M079920,1.0,0.9714285714285714,1.0,1.0,1.0,NO
RQ1_20260914T175757Z,normal,Q003,base,sacr,2,M012821,0.9993844032287598,0.9734693877551022,0.9938522355507089,1.0,0.9980937242507935,<30
RQ1_20260914T175757Z,normal,Q003,base,sacr,3,M072610,0.9990502595901489,0.7925170068027212,0.9859187568157034,1.0,0.9959099292755127,NO
RQ1_20260914T175757Z,normal,Q003,base,sacr,4,M090781,0.999200701713562,0.7959183673469389,0.9743184296619412,1.0,0.9931000471115112,>30
RQ1_20260914T175757Z,normal,Q003,base,sacr,5,M004476,0.998794674873352,0.8115646258503402,0.9730234460196293,1.0,0.9925327301025391,>30
RQ1_20260914T175757Z,normal,Q003,shifted,baseline,1,M079920,1.0,0.980952380952381,,,,NO
RQ1_20260914T175757Z,normal,Q003,shifted,baseline,2,M020261,0.9993844032287598,0.6877551020408162,,,,NO
RQ1_20260914T175757Z,normal,Q003,shifted,baseline,3,M012821,0.9993844032287598,0.9448979591836736,,,,<30
RQ1_20260914T175757Z,normal,Q003,shifted,baseline,4,M094507,0.9993553161621094,0.8469387755102041,,,,>30
RQ1_20260914T175757Z,normal,Q003,shifted,baseline,5,M053193,0.9993504881858826,0.6843537414965987,,,,>30
RQ1_20260914T175757Z,normal,Q003,shifted,sacr,1,M079920,1.0,0.980952380952381,1.0,1.0,1.0,NO
RQ1_20260914T175757Z,normal,Q003,shifted,sacr,2,M012821,0.9993844032287598,0.9448979591836736,0.9938522355507089,1.0,0.9980937242507935,<30
RQ1_20260914T175757Z,normal,Q003,shifted,sacr,3,M072610,0.9990502595901489,0.8401360544217688,0.9859187568157034,1.0,0.9959099292755127,NO
RQ1_20260914T175757Z,normal,Q003,shifted,sacr,4,M090781,0.999200701713562,0.8435374149659864,0.9743184296619412,1.0,0.9931000471115112,>30
RQ1_20260914T175757Z,normal,Q003,shifted,sacr,5,M004476,0.998794674873352,0.8210884353741498,0.9730234460196293,1.0,0.9925327301025391,>30
RQ1_20260914T175757Z,normal,Q004,base,baseline,1,M050078,1.0,0.8571428571428571,,,,>30
RQ1_20260914T175757Z,normal,Q004,base,baseline,2,M059745,0.9982020854949951,0.8503401360544218,,,,>30
RQ1_20260914T175757Z,normal,Q004,base,baseline,3,M059135,0.9978526830673218,0.8217687074829932,,,,NO
RQ1_20260914T175757Z,normal,Q004,base,baseline,4,M039907,0.9973300099372864,0.545578231292517,,,,>30
RQ1_20260914T175757Z,normal,Q004,base,baseline,5,M069349,0.9972748756408691,0.6884353741496599,,,,>30
RQ1_20260914T175757Z,normal,Q004,base,sacr,1,M050078,1.0,0.8571428571428571,1.0,1.0,1.0,>30
RQ1_20260914T175757Z,normal,Q004,base,sacr,2,M059745,0.9982020854949951,0.8503401360544218,0.9780219780219781,1.0,0.9934267997741699,>30
RQ1_20260914T175757Z,normal,Q004,base,sacr,3,M049322,0.9965438842773438,0.8312925170068028,0.9580089757570673,1.0,0.9874286651611328,<30
RQ1_20260914T175757Z,normal,Q004,base,sacr,4,M059135,0.9978526830673218,0.8217687074829932,0.9417215418169617,1.0,0.9841419458389282,NO
RQ1_20260914T175757Z,normal,Q004,base,sacr,5,M091738,0.9967393279075623,0.8312925170068028,0.9236400050331348,1.0,0.9789535999298096,>30
RQ1_20260914T175757Z,normal,Q004,shifted,baseline,1,M050078,1.0,0.8571428571428571,,,,>30
RQ1_20260914T175757Z,normal,Q004,shifted,baseline,2,M059745,0.9982020854949951,0.8503401360544218,,,,>30
RQ1_20260914T175757Z,normal,Q004,shifted,baseline,3,M059135,0.9978526830673218,0.8217687074829932,,,,NO
RQ1_20260914T175757Z,normal,Q004,shifted,baseline,4,M039907,0.9973300099372864,0.6884353741496599,,,,>30
RQ1_20260914T175757Z,normal,Q004,shifted,baseline,5,M069349,0.9972748756408691,0.8312925170068028,,,,>30
RQ1_20260914T175757Z,normal,Q004,shifted,sacr,1,M050078,1.0,0.8571428571428571,1.0,1.0,1.0,>30
RQ1_20260914T175757Z,normal,Q004,shifted,sacr,2,M059745,0.9982020854949951,0.8503401360544218,0.9780219780219781,1.0,0.9934267997741699,>30
RQ1_20260914T175757Z,normal,Q004,shifted,sacr,3,M049322,0.9965438842773438,0.8312925170068028,0.9580089757570673,1.0,0.9874286651611328,<30
RQ1_20260914T175757Z,normal,Q004,shifted,sacr,4,M059135,0.9978526830673218,0.8217687074829932,0.9417215418169617,1.0,0.9841419458389282,NO
RQ1_20260914T175757Z,normal,Q004,shifted,sacr,5,M091738,0.9967393279075623,0.8312925170068028,0.9236400050331348,1.0,0.9789535999298096,>30
RQ1_20260914T175757Z,normal,Q005,base,baseline,1,M044080,1.0,0.9931972789115646,,,,<30
RQ1_20260914T175757Z,normal,Q005,base,baseline,2,M094262,0.9996137619018555,0.545578231292517,,,,NO
RQ1_20260914T175757Z,normal,Q005,base,baseline,3,M054662,0.999446451663971,0.6952380952380953,,,,>30
RQ1_20260914T175757Z,normal,Q005,base,baseline,4,M075292,0.999291181564331,0.6884353741496599,,,,NO
RQ1_20260914T175757Z,normal,Q005,base,baseline,5,M065819,0.9992685317993164,0.6884353741496599,,,,NO
RQ1_20260914T175757Z,normal,Q005,base,sacr,1,M044080,1.0,0.9931972789115646,1.0,1.0,1.0,<30
RQ1_20260914T175757Z,normal,Q005,base,sacr,2,M084721,0.9992156624794006,0.834013605442177,0.9945474372955289,1.0,0.9981663227081299,NO
RQ1_20260914T175757Z,normal,Q005,base,sacr,3,M047189,0.9991359114646912,0.7108843537414966,0.9931570338058887,1.0,0.9977707862854004,NO
RQ1_20260914T175757Z,normal,Q005,base,sacr,4,M054335,0.998910665512085,0.8312925170068028,0.9934569247546347,1.0,0.9977105855941772,>30
RQ1_20260914T175757Z,normal,Q005,base,sacr,5,M095999,0.9986827373504639,0.7074829931972789,0.9858233369683751,1.0,0.9956655502319336,NO
RQ1_20260914T175757Z,normal,Q005,shifted,baseline,1,M044080,1.0,0.9659863945578231,,,,<30
RQ1_20260914T175757Z,normal,Q005,shifted,baseline,2,M094262,0.9996137619018555,0.5183673469387755,,,,NO
RQ1_20260914T175757Z,normal,Q005,shifted,baseline,3,M054662,0.999446451663971,0.6680272108843537,,,,>30
RQ1_20260914T175757Z,normal,Q005,shifted,baseline,4,M075292,0.999291181564331,0.6612244897959183,,,,NO
RQ1_20260914T175757Z,normal,Q005,shifted,baseline,5,M065819,0.9992685317993164,0.6612244897959183,,,,NO
RQ1_20260914T175757Z,normal,Q005,shifted,sacr,1,M044080,1.0,0.9659863945578231,1.0,1.0,1.0,<30
RQ1_20260914T175757Z,normal,Q005,shifted,sacr,2,M084721,0.9992156624794006,0.8068027210884354,0.9945474372955289,1.0,0.9981663227081299,NO
RQ1_20260914T175757Z,normal,Q005,shifted,sacr,3,M054335,0.998910665512085,0.8040816326530612,0.9934569247546347,1.0,0.9977105855941772,>30
RQ1_20260914T175757Z,normal,Q005,shifted,sacr,4,M099801,0.9989891648292542,0.9527031865377731,0.9836423118865867,1.0,0.9953041076660156,>30
RQ1_20260914T175757Z,normal,Q005,shifted,sacr,5,M021069,0.9986882209777832,0.7850340136054422,0.9774945474372955,1.0,0.993586540222168,NO
RQ1_20260914T175757Z,normal,Q006,base,baseline,1,M004727,1.0,0.9981203007518796,,,,NO
RQ1_20260914T175757Z,normal,Q006,base,baseline,2,M089503,0.9993441104888916,0.7885964912280701,,,,NO
RQ1_20260914T175757Z,normal,Q006,base,baseline,3,M005660,0.9993368983268738,0.6838345864661655,,,,NO
RQ1_20260914T175757Z,normal,Q006,base,baseline,4,M030213,0.9992878437042236,0.6484604368063014,,,,NO
RQ1_20260914T175757Z,normal,Q006,base,baseline,5,M007441,0.9992638230323792,0.7981203007518796,,,,>30
RQ1_20260914T175757Z,normal,Q006,base,sacr,1,M004727,1.0,0.9981203007518796,1.0,1.0,1.0,NO
RQ1_20260914T175757Z,normal,Q006,base,sacr,2,M016297,0.9977824687957764,0.8171679197994987,0.9870092693565977,1.0,0.9954218864440918,NO
RQ1_20260914T175757Z,normal,Q006,base,sacr,3,M014732,0.9978636503219604,0.7885964912280701,0.9806821994799094,1.0,0.9938887357711792,NO
RQ1_20260914T175757Z,normal,Q006,base,sacr,4,M090795,0.998614490032196,0.7802721088435375,0.9785850599781897,1.0,0.9938149452209473,NO
RQ1_20260914T175757Z,normal,Q006,base,sacr,5,M089503,0.9993441104888916,0.7885964912280701,0.9760087241003271,1.0,0.9936087131500244,NO
RQ1_20260914T175757Z,normal,Q006,shifted,baseline,1,M004727,1.0,0.9906015037593985,,,,NO
RQ1_20260914T175757Z,normal,Q006,shifted,baseline,2,M089503,0.9993441104888916,0.7810776942355889,,,,NO
RQ1_20260914T175757Z,normal,Q006,shifted,baseline,3,M005660,0.9993368983268738,0.6763157894736842,,,,NO
RQ1_20260914T175757Z,normal,Q006,shifted,baseline,4,M030213,0.9992878437042236,0.6409416398138202,,,,NO
RQ1_20260914T175757Z,normal,Q006,shifted,baseline,5,M007441,0.9992638230323792,0.7906015037593984,,,,>30
RQ1_20260914T175757Z,normal,Q006,shifted,sacr,1,M004727,1.0,0.9906015037593985,1.0,1.0,1.0,NO
RQ1_20260914T175757Z,normal,Q006,shifted,sacr,2,M016297,0.9977824687957764,0.8096491228070175,0.9870092693565977,1.0,0.9954218864440918,NO
RQ1_20260914T175757Z,normal,Q006,shifted,sacr,3,M014732,0.9978636503219604,0.7810776942355889,0.9806821994799094,1.0,0.9938887357711792,NO
RQ1_20260914T175757Z,normal,Q006,shifted,sacr,4,M090795,0.998614490032196,0.7727533118510562,0.9785850599781897,1.0,0.9938149452209473,NO
RQ1_20260914T175757Z,normal,Q006,shifted,sacr,5,M089503,0.9993441104888916,0.7810776942355889,0.9760087241003271,1.0,0.9936087131500244,NO
RQ1_20260914T175757Z,normal,Q007,base,baseline,1,M029944,1.000000238418579,1.0,,,,NO
RQ1_20260914T175757Z,normal,Q007,base,baseline,2,M003164,0.9993074536323547,0.6761904761904762,,,,>30
RQ1_20260914T175757Z,normal,Q007,base,baseline,3,M030690,0.9987031817436218,0.8476190476190476,,,,>30
RQ1_20260914T175757Z,normal,Q007,base,baseline,4,M010909,0.9986845850944519,0.8312925170068028,,,,>30
RQ1_20260914T175757Z,normal,Q007,base,baseline,5,M035734,0.9985516667366028,0.819047619047619,,,,>30
RQ1_20260914T175757Z,normal,Q007,base,sacr,1,M029944,1.000000238418579,1.0,1.0,1.0,1.0000001192092896,NO
RQ1_20260914T175757Z,normal,Q007,base,sacr,2,M030690,0.9987031817436218,0.8476190476190476,0.9678616866593964,1.0,0.991187334060669,>30
RQ1_20260914T175757Z,normal,Q007,base,sacr,3,M003265,0.9979531168937683,0.8244897959183675,0.9533966669462852,1.0,0.9871209859848022,<30
RQ1_20260914T175757Z,normal,Q007,base,sacr,4,M041095,0.9984678626060486,0.8285714285714285,0.9506410256410256,1.0,0.9867409467697144,NO
RQ1_20260914T175757Z,normal,Q007,base,sacr,5,M035734,0.9985516667366028,0.819047619047619,0.9494299275787824,1.0,0.9864885807037354,>30
RQ1_20260914T175757Z,normal,Q007,shifted,baseline,1,M029944,1.000000238418579,0.9619047619047619,,,,NO
RQ1_20260914T175757Z,normal,Q007,shifted,baseline,2,M003164,0.9993074536323547,0.7142857142857143,,,,>30
RQ1_20260914T175757Z,normal,Q007,shifted,baseline,3,M030690,0.9987031817436218,0.8285714285714285,,,,>30
RQ1_20260914T175757Z,normal,Q007,shifted,baseline,4,M010909,0.9986845850944519,0.8312925170068028,,,,>30
RQ1_20260914T175757Z,normal,Q007,shifted,baseline,5,M035734,0.9985516667366028,0.8571428571428571,,,,>30
RQ1_20260914T175757Z,normal,Q007,shifted,sacr,1,M029944,1.000000238418579,0.9619047619047619,1.0,1.0,1.0000001192092896,NO
RQ1_20260914T175757Z,normal,Q007,shifted,sacr,2,M030690,0.9987031817436218,0.8285714285714285,0.9678616866593964,1.0,0.991187334060669,>30
RQ1_20260914T175757Z,normal,Q007,shifted,sacr,3,M003265,0.9979531168937683,0.8244897959183675,0.9533966669462852,1.0,0.9871209859848022,<30
RQ1_20260914T175757Z,normal,Q007,shifted,sacr,4,M041095,0.9984678626060486,0.8476190476190476,0.9506410256410256,1.0,0.9867409467697144,NO
RQ1_20260914T175757Z,normal,Q007,shifted,sacr,5,M035734,0.9985516667366028,0.8571428571428571,0.9494299275787824,1.0,0.9864885807037354,>30
RQ1_20260914T175757Z,normal,Q008,base,baseline,1,M084575,1.0000001192092896,0.8571428571428571,,,,>30
RQ1_20260914T175757Z,normal,Q008,base,baseline,2,M077672,1.0000001192092896,0.6994808449695668,,,,NO
RQ1_20260914T175757Z,normal,Q008,base,baseline,3,M095446,1.0000001192092896,0.6919978517722879,,,,>30
RQ1_20260914T175757Z,normal,Q008,base,baseline,4,M092915,0.9998024702072144,0.5355352667382742,,,,<30
RQ1_20260914T175757Z,normal,Q008,base,baseline,5,M081790,0.9997596740722656,0.7090046544933762,,,,NO
RQ1_20260914T175757Z,normal,Q008,base,sacr,1,M084575,1.0000001192092896,0.8571428571428571,1.0,1.0,1.0000001192092896,>30
RQ1_20260914T175757Z,normal,Q008,base,sacr,2,M076048,0.9997464418411255,0.8518617973505191,0.9964285714285713,1.0,0.9989550113677979,NO
RQ1_20260914T175757Z,normal,Q008,base,sacr,3,M065714,0.9995644688606262,0.707124955245256,0.994942748091603,1.0,0.9984743595123291,NO
RQ1_20260914T175757Z,normal,Q008,base,sacr,4,M076797,0.9991171956062317,0.7090046544933762,0.9942475463467829,1.0,0.9980322122573853,NO
RQ1_20260914T175757Z,normal,Q008,base,sacr,5,M063614,0.9990450143814087,0.8069638381668457,0.9942475463467829,1.0,0.9979889392852783,>30
RQ1_20260914T175757Z,normal,Q008,shifted,baseline,1,M084575,1.0000001192092896,0.8571428571428571,,,,>30
RQ1_20260914T175757Z,normal,Q008,shifted,baseline,2,M077672,1.0000001192092896,0.6994808449695668,,,,NO
RQ1_20260914T175757Z,normal,Q008,shifted,baseline,3,M095446,1.0000001192092896,0.6919978517722879,,,,>30
RQ1_20260914T175757Z,normal,Q008,shifted,baseline,4,M092915,0.9998024702072144,0.5355352667382742,,,,<30
RQ1_20260914T175757Z,normal,Q008,shifted,baseline,5,M081790,0.9997596740722656,0.7090046544933762,,,,NO
RQ1_20260914T175757Z,normal,Q008,shifted,sacr,1,M084575,1.0000001192092896,0.8571428571428571,1.0,1.0,1.0000001192092896,>30
RQ1_20260914T175757Z,normal,Q008,shifted,sacr,2,M076048,0.9997464418411255,0.9947189402076619,0.9964285714285713,1.0,0.9989550113677979,NO
RQ1_20260914T175757Z,normal,Q008,shifted,sacr,3,M065714,0.9995644688606262,0.707124955245256,0.994942748091603,1.0,0.9984743595123291,NO
RQ1_20260914T175757Z,normal,Q008,shifted,sacr,4,M076797,0.9991171956062317,0.8518617973505191,0.9942475463467829,1.0,0.9980322122573853,NO
RQ1_20260914T175757Z,normal,Q008,shifted,sacr,5,M063614,0.9990450143814087,0.8069638381668457,0.9942475463467829,1.0,0.9979889392852783,>30
RQ1_20260914T175757Z,normal,Q009,base,baseline,1,M059479,1.0000001192092896,0.9863945578231293,,,,<30
RQ1_20260914T175757Z,normal,Q009,base,baseline,2,M036132,0.9998601675033569,0.5292517006802722,,,,NO
RQ1_20260914T175757Z,normal,Q009,base,baseline,3,M062630,0.9998169541358948,0.5414965986394558,,,,NO
RQ1_20260914T175757Z,normal,Q009,base,baseline,4,M050160,0.9997589588165283,0.6702291442892946,,,,>30
RQ1_20260914T175757Z,normal,Q009,base,baseline,5,M063761,0.9996360540390015,0.5201754385964913,,,,>30
RQ1_20260914T175757Z,normal,Q009,base,sacr,1,M059479,1.0000001192092896,0.9863945578231293,1.0,1.0,1.0000001192092896,<30
RQ1_20260914T175757Z,normal,Q009,base,sacr,2,M022445,0.9995251893997192,0.8122448979591838,0.9971237731733914,1.0,0.9989960193634033,NO
RQ1_20260914T175757Z,normal,Q009,base,sacr,3,M053522,0.999415397644043,0.8435374149659864,0.9902808069792803,1.0,0.997219443321228,NO
RQ1_20260914T175757Z,normal,Q009,base,sacr,4,M043070,0.998935341835022,0.8312925170068028,0.9899809160305343,1.0,0.9968564510345459,NO
RQ1_20260914T175757Z,normal,Q009,base,sacr,5,M076903,0.9993971586227417,0.8054421768707484,0.9877044711014176,1.0,0.996564507484436,NO
RQ1_20260914T175757Z,normal,Q009,shifted,baseline,1,M059479,1.0000001192092896,0.9591836734693878,,,,<30
RQ1_20260914T175757Z,normal,Q009,shifted,baseline,2,M036132,0.9998601675033569,0.5020408163265306,,,,NO
RQ1_20260914T175757Z,normal,Q009,shifted,baseline,3,M062630,0.9998169541358948,0.5142857142857142,,,,NO
RQ1_20260914T175757Z,normal,Q009,shifted,baseline,4,M050160,0.9997589588165283,0.6430182599355533,,,,>30
RQ1_20260914T175757Z,normal,Q009,shifted,baseline,5,M063761,0.9996360540390015,0.4929645542427497,,,,>30
RQ1_20260914T175757Z,normal,Q009,shifted,sacr,1,M059479,1.0000001192092896,0.9591836734693878,1.0,1.0,1.0000001192092896,<30
RQ1_20260914T175757Z,normal,Q009,shifted,sacr,2,M022445,0.9995251893997192,0.7850340136054422,0.9971237731733914,1.0,0.9989960193634033,NO
RQ1_20260914T175757Z,normal,Q009,shifted,sacr,3,M053522,0.999415397644043,0.8163265306122449,0.9902808069792803,1.0,0.997219443321228,NO
RQ1_20260914T175757Z,normal,Q009,shifted,sacr,4,M043070,0.998935341835022,0.8040816326530612,0.9899809160305343,1.0,0.9968564510345459,NO
RQ1_20260914T175757Z,normal,Q009,shifted,sacr,5,M076903,0.9993971586227417,0.7782312925170068,0.9877044711014176,1.0,0.996564507484436,NO
RQ1_20260914T175757Z,normal,Q010,base,baseline,1,M056742,1.0,0.9962406015037594,,,,>30
RQ1_20260914T175757Z,normal,Q010,base,baseline,2,M070305,0.9997192025184631,0.6846759756534192,,,,>30
RQ1_20260914T175757Z,normal,Q010,base,baseline,3,M093113,0.999483585357666,0.6588256355173648,,,,<30
RQ1_20260914T175757Z,normal,Q010,base,baseline,4,M086442,0.999469518661499,0.6812746151092016,,,,NO
RQ1_20260914T175757Z,normal,Q010,base,baseline,5,M070100,0.9994654655456543,0.7870748299319728,,,,>30
RQ1_20260914T175757Z,normal,Q010,base,sacr,1,M056742,1.0,0.9962406015037594,1.0,1.0,1.0,>30
RQ1_20260914T175757Z,normal,Q010,base,sacr,2,M020473,0.9994295835494995,0.9799140708915146,0.9931570338058887,1.0,0.9979469776153564,<30
RQ1_20260914T175757Z,normal,Q010,base,sacr,3,M022852,0.9990639686584473,0.8180093089867526,0.9924618320610687,1.0,0.9975539445877075,>30
RQ1_20260914T175757Z,normal,Q010,base,sacr,4,M070100,0.9994654655456543,0.7870748299319728,0.9857142857142858,1.0,0.996107816696167,>30
RQ1_20260914T175757Z,normal,Q010,base,sacr,5,M085336,0.9990699887275696,0.8171679197994987,0.9820474372955289,1.0,0.9949538707733154,NO
RQ1_20260914T175757Z,normal,Q010,shifted,baseline,1,M056742,1.0,0.9887218045112781,,,,>30
RQ1_20260914T175757Z,normal,Q010,shifted,baseline,2,M070305,0.9997192025184631,0.677157178660938,,,,>30
RQ1_20260914T175757Z,normal,Q010,shifted,baseline,3,M093113,0.999483585357666,0.6513068385248836,,,,<30
RQ1_20260914T175757Z,normal,Q010,shifted,baseline,4,M086442,0.999469518661499,0.6737558181167204,,,,NO
RQ1_20260914T175757Z,normal,Q010,shifted,baseline,5,M070100,0.9994654655456543,0.7795560329394916,,,,>30
RQ1_20260914T175757Z,normal,Q010,shifted,sacr,1,M056742,1.0,0.9887218045112781,1.0,1.0,1.0,>30
RQ1_20260914T175757Z,normal,Q010,shifted,sacr,2,M020473,0.9994295835494995,0.9723952738990332,0.9931570338058887,1.0,0.9979469776153564,<30
RQ1_20260914T175757Z,normal,Q010,shifted,sacr,3,M022852,0.9990639686584473,0.8104905119942714,0.9924618320610687,1.0,0.9975539445877075,>30
RQ1_20260914T175757Z,normal,Q010,shifted,sacr,4,M070100,0.9994654655456543,0.7795560329394916,0.9857142857142858,1.0,0.996107816696167,>30
RQ1_20260914T175757Z,normal,Q010,shifted,sacr,5,M085336,0.9990699887275696,0.8096491228070175,0.9820474372955289,1.0,0.9949538707733154,NO
RQ1_20260914T175757Z,normal,Q011,base,baseline,1,M043191,1.0000001192092896,0.9714285714285714,,,,NO
RQ1_20260914T175757Z,normal,Q011,base,baseline,2,M042153,1.0000001192092896,0.9714285714285714,,,,<30
RQ1_20260914T175757Z,normal,Q011,base,baseline,3,M063474,1.0000001192092896,0.8285714285714285,,,,NO
RQ1_20260914T175757Z,normal,Q011,base,baseline,4,M042506,1.0000001192092896,0.8025241675617615,,,,>30
RQ1_20260914T175757Z,normal,Q011,base,baseline,5,M089762,0.999800980091095,0.7047619047619048,,,,NO
RQ1_20260914T175757Z,normal,Q011,base,sacr,1,M043191,1.0000001192092896,0.9714285714285714,1.0,1.0,1.0000001192092896,NO
RQ1_20260914T175757Z,normal,Q011,base,sacr,2,M042153,1.0000001192092896,0.9714285714285714,1.0,1.0,1.0000001192092896,<30
RQ1_20260914T175757Z,normal,Q011,base,sacr,3,M063474,1.0000001192092896,0.8285714285714285,1.0,1.0,1.0000001192092896,NO
RQ1_20260914T175757Z,normal,Q011,base,sacr,4,M042506,1.0000001192092896,0.8025241675617615,1.0,1.0,1.0000001192092896,>30
RQ1_20260914T175757Z,normal,Q011,base,sacr,5,M089762,0.999800980091095,0.7047619047619048,0.9964285714285713,1.0,0.9989877939224243,NO
RQ1_20260914T175757Z,normal,Q011,shifted,baseline,1,M043191,1.0000001192092896,1.0,,,,NO
RQ1_20260914T175757Z,normal,Q011,shifted,baseline,2,M042153,1.0000001192092896,1.0,,,,<30
RQ1_20260914T175757Z,normal,Q011,shifted,baseline,3,M063474,1.0000001192092896,0.8571428571428571,,,,NO
RQ1_20260914T175757Z,normal,Q011,shifted,baseline,4,M042506,1.0000001192092896,0.8310955961331901,,,,>30
RQ1_20260914T175757Z,normal,Q011,shifted,baseline,5,M089762,0.999800980091095,0.6761904761904762,,,,NO
RQ1_20260914T175757Z,normal,Q011,shifted,sacr,1,M043191,1.0000001192092896,1.0,1.0,1.0,1.0000001192092896,NO
RQ1_20260914T175757Z,normal,Q011,shifted,sacr,2,M042153,1.0000001192092896,1.0,1.0,1.0,1.0000001192092896,<30
RQ1_20260914T175757Z,normal,Q011,shifted,sacr,3,M063474,1.0000001192092896,0.8571428571428571,1.0,1.0,1.0000001192092896,NO
RQ1_20260914T175757Z,normal,Q011,shifted,sacr,4,M042506,1.0000001192092896,0.8310955961331901,1.0,1.0,1.0000001192092896,>30
RQ1_20260914T175757Z,normal,Q011,shifted,sacr,5,M042804,0.999800980091095,0.8476190476190476,0.9964285714285713,1.0,0.9989877939224243,NO
RQ1_20260914T175757Z,normal,Q012,base,baseline,1,M057809,1.0000001192092896,0.8571428571428571,,,,>30
RQ1_20260914T175757Z,normal,Q012,base,baseline,2,M098292,0.9994928240776062,0.8380952380952381,,,,NO
RQ1_20260914T175757Z,normal,Q012,base,baseline,3,M036487,0.9994697570800781,0.6952380952380953,,,,NO
RQ1_20260914T175757Z,normal,Q012,base,baseline,4,M064739,0.9994279742240906,0.6755102040816326,,,,NO
RQ1_20260914T175757Z,normal,Q012,base,baseline,5,M075737,0.9994261264801025,0.8380952380952381,,,,NO
RQ1_20260914T175757Z,normal,Q012,base,sacr,1,M057809,1.0000001192092896,0.8571428571428571,1.0,1.0,1.0000001192092896,>30
RQ1_20260914T175757Z,normal,Q012,base,sacr,2,M078223,0.9991438388824463,0.8306122448979593,0.9849236641221374,1.0,0.9957172870635986,NO
RQ1_20260914T175757Z,normal,Q012,base,sacr,3,M081373,0.9991778135299683,0.8380952380952381,0.9841330425299891,1.0,0.9955400228500366,NO
RQ1_20260914T175757Z,normal,Q012,base,sacr,4,M091742,0.9990804195404053,1.0,0.971633042529989,1.0,0.992356538772583,>30
RQ1_20260914T175757Z,normal,Q012,base,sacr,5,M056558,0.998988151550293,0.7142857142857143,0.9705561613958561,1.0,0.9920319318771362,>30
RQ1_20260914T175757Z,normal,Q012,shifted,baseline,1,M057809,1.0000001192092896,0.8571428571428571,,,,>30
RQ1_20260914T175757Z,normal,Q012,shifted,baseline,2,M098292,0.9994928240776062,0.8380952380952381,,,,NO
RQ1_20260914T175757Z,normal,Q012,shifted,baseline,3,M036487,0.9994697570800781,0.6952380952380953,,,,NO
RQ1_20260914T175757Z,normal,Q012,shifted,baseline,4,M064739,0.9994279742240906,0.6755102040816326,,,,NO
RQ1_20260914T175757Z,normal,Q012,shifted,baseline,5,M075737,0.9994261264801025,0.6952380952380953,,,,NO
RQ1_20260914T175757Z,normal,Q012,shifted,sacr,1,M057809,1.0000001192092896,0.8571428571428571,1.0,1.0,1.0000001192092896,>30
RQ1_20260914T175757Z,normal,Q012,shifted,sacr,2,M078223,0.9991438388824463,0.8306122448979593,0.9849236641221374,1.0,0.9957172870635986,NO
RQ1_20260914T175757Z,normal,Q012,shifted,sacr,3,M081373,0.9991778135299683,0.8380952380952381,0.9841330425299891,1.0,0.9955400228500366,NO
RQ1_20260914T175757Z,normal,Q012,shifted,sacr,4,M091742,0.9990804195404053,0.8571428571428571,0.971633042529989,1.0,0.992356538772583,>30
RQ1_20260914T175757Z,normal,Q012,shifted,sacr,5,M056558,0.998988151550293,0.7142857142857143,0.9705561613958561,1.0,0.9920319318771362,>30
RQ1_20260914T175757Z,normal,Q013,base,baseline,1,M004656,1.0000001192092896,1.0,,,,>30
RQ1_20260914T175757Z,normal,Q013,base,baseline,2,M000434,0.9980655908584595,0.8476190476190476,,,,>30
RQ1_20260914T175757Z,normal,Q013,base,baseline,3,M000520,0.9979438781738281,0.6761904761904762,,,,>30
RQ1_20260914T175757Z,normal,Q013,base,baseline,4,M000489,0.9978896975517273,0.8476190476190476,,,,NO
RQ1_20260914T175757Z,normal,Q013,base,baseline,5,M050404,0.9978283643722534,0.6666666666666667,,,,NO
RQ1_20260914T175757Z,normal,Q013,base,sacr,1,M004656,1.0000001192092896,1.0,1.0,1.0,1.0000001192092896,>30
RQ1_20260914T175757Z,normal,Q013,base,sacr,2,M000652,0.997107207775116,0.9904761904761905,0.9714537371025921,1.0,0.9911277294158936,>30
RQ1_20260914T175757Z,normal,Q013,base,sacr,3,M000489,0.9978896975517273,0.8476190476190476,0.9266154964628248,1.0,0.9803876876831055,NO
RQ1_20260914T175757Z,normal,Q013,base,sacr,4,M000224,0.9966926574707031,0.8380952380952381,0.9211835556301206,1.0,0.9783115386962891,NO
RQ1_20260914T175757Z,normal,Q013,base,sacr,5,M000434,0.9980655908584595,0.8476190476190476,0.8664849145765176,1.0,0.9654606580734253,>30
RQ1_20260914T175757Z,normal,Q013,shifted,baseline,1,M004656,1.0000001192092896,0.9516648764769066,,,,>30
RQ1_20260914T175757Z,normal,Q013,shifted,baseline,2,M000434,0.9980655908584595,0.7992839240959543,,,,>30
RQ1_20260914T175757Z,normal,Q013,shifted,baseline,3,M000520,0.9979438781738281,0.6278553526673828,,,,>30
RQ1_20260914T175757Z,normal,Q013,shifted,baseline,4,M000489,0.9978896975517273,0.7992839240959543,,,,NO
RQ1_20260914T175757Z,normal,Q013,shifted,baseline,5,M050404,0.9978283643722534,0.6183315431435733,,,,NO
RQ1_20260914T175757Z,normal,Q013,shifted,sacr,1,M004656,1.0000001192092896,0.9516648764769066,1.0,1.0,1.0000001192092896,>30
RQ1_20260914T175757Z,normal,Q013,shifted,sacr,2,M000652,0.997107207775116,0.9421410669530971,0.9714537371025921,1.0,0.9911277294158936,>30
RQ1_20260914T175757Z,normal,Q013,shifted,sacr,3,M000489,0.9978896975517273,0.7992839240959543,0.9266154964628248,1.0,0.9803876876831055,NO
RQ1_20260914T175757Z,normal,Q013,shifted,sacr,4,M000224,0.9966926574707031,0.7897601145721447,0.9211835556301206,1.0,0.9783115386962891,NO
RQ1_20260914T175757Z,normal,Q013,shifted,sacr,5,M000434,0.9980655908584595,0.7992839240959543,0.8664849145765176,1.0,0.9654606580734253,>30
RQ1_20260914T175757Z,normal,Q014,base,baseline,1,M035347,1.0,0.9523809523809524,,,,<30
RQ1_20260914T175757Z,normal,Q014,base,baseline,2,M094911,0.9982353448867798,0.6511815252416756,,,,NO
RQ1_20260914T175757Z,normal,Q014,base,baseline,3,M082229,0.9979193806648254,0.6892767633369138,,,,NO
RQ1_20260914T175757Z,normal,Q014,base,baseline,4,M078416,0.9977544546127319,0.8130862871464375,,,,NO
RQ1_20260914T175757Z,normal,Q014,base,baseline,5,M044523,0.9976707100868225,0.6797529538131043,,,,NO
RQ1_20260914T175757Z,normal,Q014,base,sacr,1,M035347,1.0,0.9523809523809524,1.0,1.0,1.0,<30
RQ1_20260914T175757Z,normal,Q014,base,sacr,2,M022194,0.997409462928772,0.7940386680988185,0.9362598915079829,1.0,0.9825106859207153,NO
RQ1_20260914T175757Z,normal,Q014,base,sacr,3,M053102,0.9963564872741699,0.96546723952739,0.8903653916058497,1.0,0.9704052209854126,NO
RQ1_20260914T175757Z,normal,Q014,base,sacr,4,M005802,0.9961490035057068,0.8226100966702471,0.8818321309733523,1.0,0.9681475162506104,NO
RQ1_20260914T175757Z,normal,Q014,base,sacr,5,M012192,0.996539831161499,0.8171679197994987,0.9520289824679138,0.6666666666666666,0.9359312057495117,>30
RQ1_20260914T175757Z,normal,Q014,shifted,baseline,1,M035347,1.0,0.979591836734694,,,,<30
RQ1_20260914T175757Z,normal,Q014,shifted,baseline,2,M094911,0.9982353448867798,0.6783924095954171,,,,NO
RQ1_20260914T175757Z,normal,Q014,shifted,baseline,3,M082229,0.9979193806648254,0.640297171500179,,,,NO
RQ1_20260914T175757Z,normal,Q014,shifted,baseline,4,M078416,0.9977544546127319,0.8022019334049411,,,,NO
RQ1_20260914T175757Z,normal,Q014,shifted,baseline,5,M044523,0.9976707100868225,0.6498209810239886,,,,NO
RQ1_20260914T175757Z,normal,Q014,shifted,sacr,1,M035347,1.0,0.979591836734694,1.0,1.0,1.0,<30
RQ1_20260914T175757Z,normal,Q014,shifted,sacr,2,M022194,0.997409462928772,0.82124955245256,0.9362598915079829,1.0,0.9825106859207153,NO
RQ1_20260914T175757Z,normal,Q014,shifted,sacr,3,M053102,0.9963564872741699,0.9355352667382743,0.8903653916058497,1.0,0.9704052209854126,NO
RQ1_20260914T175757Z,normal,Q014,shifted,sacr,4,M005802,0.9961490035057068,0.7926781238811315,0.8818321309733523,1.0,0.9681475162506104,NO
RQ1_20260914T175757Z,normal,Q014,shifted,sacr,5,M012192,0.996539831161499,0.8253311851056212,0.9520289824679138,0.6666666666666666,0.9359312057495117,>30
RQ1_20260914T175757Z,normal,Q015,base,baseline,1,M051010,1.0,0.8503401360544218,,,,>30
RQ1_20260914T175757Z,normal,Q015,base,baseline,2,M076321,0.9997595548629761,0.8476190476190476,,,,>30
RQ1_20260914T175757Z,normal,Q015,base,baseline,3,M073842,0.9997595548629761,0.682312925170068,,,,>30
RQ1_20260914T175757Z,normal,Q015,base,baseline,4,M062224,0.9997442960739136,0.6952380952380953,,,,>30
RQ1_20260914T175757Z,normal,Q015,base,baseline,5,M049542,0.9994049072265625,0.8435374149659864,,,,NO
RQ1_20260914T175757Z,normal,Q015,base,sacr,1,M051010,1.0,0.8503401360544218,1.0,1.0,1.0,>30
RQ1_20260914T175757Z,normal,Q015,base,sacr,2,M101026,0.9993199110031128,0.7993197278911566,0.9982142857142857,1.0,0.9991455078125,<30
RQ1_20260914T175757Z,normal,Q015,base,sacr,3,M075258,0.9991916418075562,0.8122448979591838,0.993552344601963,1.0,0.9979031085968018,NO
RQ1_20260914T175757Z,normal,Q015,base,sacr,4,M063219,0.9991055727005005,0.8380952380952381,0.9931570338058887,1.0,0.9977525472640991,NO
RQ1_20260914T175757Z,normal,Q015,base,sacr,5,M039788,0.998693585395813,0.7142857142857143,0.9931570338058887,1.0,0.9975054264068604,NO
RQ1_20260914T175757Z,normal,Q015,shifted,baseline,1,M051010,1.0,0.9659863945578231,,,,>30
RQ1_20260914T175757Z,normal,Q015,shifted,baseline,2,M076321,0.9997595548629761,0.8068027210884354,,,,>30
RQ1_20260914T175757Z,normal,Q015,shifted,baseline,3,M073842,0.9997595548629761,0.6414965986394557,,,,>30
RQ1_20260914T175757Z,normal,Q015,shifted,baseline,4,M062224,0.9997442960739136,0.7972789115646258,,,,>30
RQ1_20260914T175757Z,normal,Q015,shifted,baseline,5,M049542,0.9994049072265625,0.8299319727891156,,,,NO
RQ1_20260914T175757Z,normal,Q015,shifted,sacr,1,M051010,1.0,0.9659863945578231,1.0,1.0,1.0,>30
RQ1_20260914T175757Z,normal,Q015,shifted,sacr,2,M101026,0.9993199110031128,0.7585034013605443,0.9982142857142857,1.0,0.9991455078125,<30
RQ1_20260914T175757Z,normal,Q015,shifted,sacr,3,M075258,0.9991916418075562,0.927891156462585,0.993552344601963,1.0,0.9979031085968018,NO
RQ1_20260914T175757Z,normal,Q015,shifted,sacr,4,M063219,0.9991055727005005,0.7972789115646258,0.9931570338058887,1.0,0.9977525472640991,NO
RQ1_20260914T175757Z,normal,Q015,shifted,sacr,5,M098760,0.9993159770965576,0.9306122448979591,0.9910714285714286,1.0,0.9973574876785278,NO
RQ1_20260914T175757Z,normal,Q016,base,baseline,1,M026665,1.0,1.0,,,,NO
RQ1_20260914T175757Z,normal,Q016,base,baseline,2,M101596,0.9998520016670227,0.5559434300035804,,,,>30
RQ1_20260914T175757Z,normal,Q016,base,baseline,3,M100017,0.9998520016670227,0.8552631578947368,,,,>30
RQ1_20260914T175757Z,normal,Q016,base,baseline,4,M089155,0.9997481107711792,0.8503401360544218,,,,NO
RQ1_20260914T175757Z,normal,Q016,base,baseline,5,M093126,0.9997217655181885,0.9578231292517007,,,,>30
RQ1_20260914T175757Z,normal,Q016,base,sacr,1,M026665,1.0,1.0,1.0,1.0,1.0,NO
RQ1_20260914T175757Z,normal,Q016,base,sacr,2,M087806,0.9994206428527832,0.8571428571428571,0.9960332606324973,1.0,0.998660683631897,>30
RQ1_20260914T175757Z,normal,Q016,base,sacr,3,M068757,0.9996577501296997,0.8122448979591838,0.9946428571428572,1.0,0.9984554052352905,NO
RQ1_20260914T175757Z,normal,Q016,base,sacr,4,M070107,0.9994356632232666,0.8435374149659864,0.993552344601963,1.0,0.9980494976043701,>30
RQ1_20260914T175757Z,normal,Q016,base,sacr,5,M089155,0.9997481107711792,0.8503401360544218,0.9910714285714286,1.0,0.9976167678833008,NO
RQ1_20260914T175757Z,normal,Q016,shifted,baseline,1,M026665,1.0,0.849624060150376,,,,NO
RQ1_20260914T175757Z,normal,Q016,shifted,baseline,2,M101596,0.9998520016670227,0.5521840315073397,,,,>30
RQ1_20260914T175757Z,normal,Q016,shifted,baseline,3,M100017,0.9998520016670227,0.7086466165413533,,,,>30
RQ1_20260914T175757Z,normal,Q016,shifted,baseline,4,M089155,0.9997481107711792,0.6999641962047978,,,,NO
RQ1_20260914T175757Z,normal,Q016,shifted,baseline,5,M093126,0.9997217655181885,0.8074471894020767,,,,>30
RQ1_20260914T175757Z,normal,Q016,shifted,sacr,1,M026665,1.0,0.849624060150376,1.0,1.0,1.0,NO
RQ1_20260914T175757Z,normal,Q016,shifted,sacr,2,M087806,0.9994206428527832,0.7067669172932332,0.9960332606324973,1.0,0.998660683631897,>30
RQ1_20260914T175757Z,normal,Q016,shifted,sacr,3,M068757,0.9996577501296997,0.8047261009667025,0.9946428571428572,1.0,0.9984554052352905,NO
RQ1_20260914T175757Z,normal,Q016,shifted,sacr,4,M070107,0.9994356632232666,0.8360186179735053,0.993552344601963,1.0,0.9980494976043701,>30
RQ1_20260914T175757Z,normal,Q016,shifted,sacr,5,M065454,0.9994766712188721,0.849624060150376,0.9905806979280262,1.0,0.9973311424255371,NO
RQ1_20260914T175757Z,normal,Q017,base,baseline,1,M058435,1.000000238418579,0.9551020408163265,,,,NO
RQ1_20260914T175757Z,normal,Q017,base,baseline,2,M059516,0.9993190765380859,0.8020408163265307,,,,>30
RQ1_20260914T175757Z,normal,Q017,base,baseline,3,M015445,0.9992053508758545,0.8192087361260294,,,,>30
RQ1_20260914T175757Z,normal,Q017,base,baseline,4,M033117,0.9988183379173279,0.697278911564626,,,,NO
RQ1_20260914T175757Z,normal,Q017,base,baseline,5,M032277,0.9987816214561462,0.697278911564626,,,,NO
RQ1_20260914T175757Z,normal,Q017,base,sacr,1,M058435,1.000000238418579,0.9551020408163265,1.0,1.0,1.0000001192092896,NO
RQ1_20260914T175757Z,normal,Q017,base,sacr,2,M035900,0.9987359642982483,0.8050841389187254,0.97025627044711,1.0,0.9918056726455688,NO
RQ1_20260914T175757Z,normal,Q017,base,sacr,3,M044584,0.9985114336013794,0.8122448979591838,0.9606234096692111,1.0,0.9892627000808716,>30
RQ1_20260914T175757Z,normal,Q017,base,sacr,4,M052454,0.9986316561698914,0.8408163265306123,0.9545098984984481,1.0,0.9878065586090088,>30
RQ1_20260914T175757Z,normal,Q017,base,sacr,5,M059516,0.9993190765380859,0.8020408163265307,0.9459332969829154,1.0,0.9860748052597046,>30
RQ1_20260914T175757Z,normal,Q017,shifted,baseline,1,M058435,1.000000238418579,0.9591836734693878,,,,NO
RQ1_20260914T175757Z,normal,Q017,shifted,baseline,2,M059516,0.9993190765380859,0.8061224489795918,,,,>30
RQ1_20260914T175757Z,normal,Q017,shifted,baseline,3,M015445,0.9992053508758545,0.7851951306838524,,,,>30
RQ1_20260914T175757Z,normal,Q017,shifted,baseline,4,M033117,0.9988183379173279,0.6387755102040816,,,,NO
RQ1_20260914T175757Z,normal,Q017,shifted,baseline,5,M032277,0.9987816214561462,0.625170068027211,,,,NO
RQ1_20260914T175757Z,normal,Q017,shifted,sacr,1,M058435,1.000000238418579,0.9591836734693878,1.0,1.0,1.0000001192092896,NO
RQ1_20260914T175757Z,normal,Q017,shifted,sacr,2,M035900,0.9987359642982483,0.8091657715717867,0.97025627044711,1.0,0.9918056726455688,NO
RQ1_20260914T175757Z,normal,Q017,shifted,sacr,3,M044584,0.9985114336013794,0.8163265306122449,0.9606234096692111,1.0,0.9892627000808716,>30
RQ1_20260914T175757Z,normal,Q017,shifted,sacr,4,M052454,0.9986316561698914,0.7877551020408163,0.9545098984984481,1.0,0.9878065586090088,>30
RQ1_20260914T175757Z,normal,Q017,shifted,sacr,5,M059516,0.9993190765380859,0.8061224489795918,0.9459332969829154,1.0,0.9860748052597046,>30
RQ1_20260914T175757Z,normal,Q018,base,baseline,1,M050950,1.0000001192092896,0.9619047619047619,,,,NO
RQ1_20260914T175757Z,normal,Q018,base,baseline,2,M070554,0.999678373336792,0.819047619047619,,,,NO
RQ1_20260914T175757Z,normal,Q018,base,baseline,3,M047611,0.999678373336792,0.9714285714285714,,,,NO
RQ1_20260914T175757Z,normal,Q018,base,baseline,4,M098700,0.9996720552444458,0.6666666666666667,,,,NO
RQ1_20260914T175757Z,normal,Q018,base,baseline,5,M098905,0.9995009303092957,0.819047619047619,,,,NO
RQ1_20260914T175757Z,normal,Q018,base,sacr,1,M050950,1.0000001192092896,0.9619047619047619,1.0,1.0,1.0000001192092896,NO
RQ1_20260914T175757Z,normal,Q018,base,sacr,2,M070554,0.999678373336792,0.819047619047619,0.9892857142857142,1.0,0.9971284866333008,NO
RQ1_20260914T175757Z,normal,Q018,base,sacr,3,M047611,0.999678373336792,0.9714285714285714,0.9892857142857142,1.0,0.9971284866333008,NO
RQ1_20260914T175757Z,normal,Q018,base,sacr,4,M100060,0.9984458684921265,0.7993197278911566,0.974618320610687,1.0,0.9927221536636353,NO
RQ1_20260914T175757Z,normal,Q018,base,sacr,5,M052330,0.9986474514007568,0.8095238095238095,0.9604416575790621,1.0,0.989298939704895,NO
RQ1_20260914T175757Z,normal,Q018,shifted,baseline,1,M050950,1.0000001192092896,0.9791979949874686,,,,NO
RQ1_20260914T175757Z,normal,Q018,shifted,baseline,2,M070554,0.999678373336792,0.8363408521303258,,,,NO
RQ1_20260914T175757Z,normal,Q018,shifted,baseline,3,M047611,0.999678373336792,0.9696741854636591,,,,NO
RQ1_20260914T175757Z,normal,Q018,shifted,baseline,4,M098700,0.9996720552444458,0.7030075187969924,,,,NO
RQ1_20260914T175757Z,normal,Q018,shifted,baseline,5,M098905,0.9995009303092957,0.8363408521303258,,,,NO
RQ1_20260914T175757Z,normal,Q018,shifted,sacr,1,M050950,1.0000001192092896,0.9791979949874686,1.0,1.0,1.0000001192092896,NO
RQ1_20260914T175757Z,normal,Q018,shifted,sacr,2,M070554,0.999678373336792,0.8363408521303258,0.9892857142857142,1.0,0.9971284866333008,NO
RQ1_20260914T175757Z,normal,Q018,shifted,sacr,3,M047611,0.999678373336792,0.9696741854636591,0.9892857142857142,1.0,0.9971284866333008,NO
RQ1_20260914T175757Z,normal,Q018,shifted,sacr,4,M100060,0.9984458684921265,0.8356605800214822,0.974618320610687,1.0,0.9927221536636353,NO
RQ1_20260914T175757Z,normal,Q018,shifted,sacr,5,M098989,0.9990231990814209,0.7030075187969924,0.9663758633224281,1.0,0.991007924079895,NO
RQ1_20260914T175757Z,normal,Q019,base,baseline,1,M046472,0.9999999403953552,0.8571428571428571,,,,<30
RQ1_20260914T175757Z,normal,Q019,base,baseline,2,M044611,0.9980992674827576,0.8571428571428571,,,,>30
RQ1_20260914T175757Z,normal,Q019,base,baseline,3,M042091,0.9978277683258057,0.5646258503401361,,,,NO
RQ1_20260914T175757Z,normal,Q019,base,baseline,4,M009259,0.9977409243583679,0.545578231292517,,,,>30
RQ1_20260914T175757Z,normal,Q019,base,baseline,5,M033266,0.9973161220550537,0.8122448979591838,,,,NO
RQ1_20260914T175757Z,normal,Q019,base,sacr,1,M046472,0.9999999403953552,0.8571428571428571,1.0,1.0,1.0,<30
RQ1_20260914T175757Z,normal,Q019,base,sacr,2,M026024,0.996228039264679,0.7931972789115646,0.9349152755641306,1.0,0.9814656972885132,<30
RQ1_20260914T175757Z,normal,Q019,base,sacr,3,M011751,0.9952418804168701,0.8571428571428571,0.8281058636020469,1.0,0.9541716575622559,<30
RQ1_20260914T175757Z,normal,Q019,base,sacr,4,M026470,0.9966747760772705,0.8122448979591838,0.8172619047619047,1.0,0.9523203372955322,NO
RQ1_20260914T175757Z,normal,Q019,base,sacr,5,M029073,0.9952285885810852,0.819047619047619,0.8100694153175069,1.0,0.9496544599533081,<30
RQ1_20260914T175757Z,normal,Q019,shifted,baseline,1,M046472,0.9999999403953552,0.979591836734694,,,,<30
RQ1_20260914T175757Z,normal,Q019,shifted,baseline,2,M044611,0.9980992674827576,0.8367346938775511,,,,>30
RQ1_20260914T175757Z,normal,Q019,shifted,baseline,3,M042091,0.9978277683258057,0.5442176870748299,,,,NO
RQ1_20260914T175757Z,normal,Q019,shifted,baseline,4,M009259,0.9977409243583679,0.5251700680272109,,,,>30
RQ1_20260914T175757Z,normal,Q019,shifted,baseline,5,M033266,0.9973161220550537,0.7918367346938775,,,,NO
RQ1_20260914T175757Z,normal,Q019,shifted,sacr,1,M046472,0.9999999403953552,0.979591836734694,1.0,1.0,1.0,<30
RQ1_20260914T175757Z,normal,Q019,shifted,sacr,2,M026024,0.996228039264679,0.7727891156462584,0.9349152755641306,1.0,0.9814656972885132,<30
RQ1_20260914T175757Z,normal,Q019,shifted,sacr,3,M011751,0.9952418804168701,0.8367346938775511,0.8281058636020469,1.0,0.9541716575622559,<30
RQ1_20260914T175757Z,normal,Q019,shifted,sacr,4,M026470,0.9966747760772705,0.7918367346938775,0.8172619047619047,1.0,0.9523203372955322,NO
RQ1_20260914T175757Z,normal,Q019,shifted,sacr,5,M066113,0.9965524673461914,0.8367346938775511,0.7972740681710148,1.0,0.9472500085830688,>30
RQ1_20260914T175757Z,normal,Q020,base,baseline,1,M048011,1.0,0.8408163265306123,,,,>30
RQ1_20260914T175757Z,normal,Q020,base,baseline,2,M080721,0.9993281364440918,0.545578231292517,,,,NO
RQ1_20260914T175757Z,normal,Q020,base,baseline,3,M069109,0.9990991950035095,0.9482993197278912,,,,NO
RQ1_20260914T175757Z,normal,Q020,base,baseline,4,M035935,0.9989986419677734,0.6727891156462585,,,,>30
RQ1_20260914T175757Z,normal,Q020,base,baseline,5,M064735,0.9988635778427124,0.8469387755102041,,,,NO
RQ1_20260914T175757Z,normal,Q020,base,sacr,1,M048011,1.0,0.8408163265306123,1.0,1.0,1.0,>30
RQ1_20260914T175757Z,normal,Q020,base,sacr,2,M069109,0.9990991950035095,0.9482993197278912,0.9806570338058888,1.0,0.9946237802505493,NO
RQ1_20260914T175757Z,normal,Q020,base,sacr,3,M033563,0.9956273436546326,0.8476190476190476,0.9691772921734755,1.0,0.9896707534790039,>30
RQ1_20260914T175757Z,normal,Q020,base,sacr,4,M061337,0.9985913038253784,0.7056032939491585,0.9560568884042165,1.0,0.9881690740585327,NO
RQ1_20260914T175757Z,normal,Q020,base,sacr,5,M064735,0.9988635778427124,0.8469387755102041,0.943452380952381,1.0,0.9851812124252319,NO
RQ1_20260914T175757Z,normal,Q020,shifted,baseline,1,M048011,1.0,0.7687074829931974,,,,>30
RQ1_20260914T175757Z,normal,Q020,shifted,baseline,2,M080721,0.9993281364440918,0.5115646258503401,,,,NO
RQ1_20260914T175757Z,normal,Q020,shifted,baseline,3,M069109,0.9990991950035095,0.8231292517006803,,,,NO
RQ1_20260914T175757Z,normal,Q020,shifted,baseline,4,M035935,0.9989986419677734,0.6768707482993197,,,,>30
RQ1_20260914T175757Z,normal,Q020,shifted,baseline,5,M064735,0.9988635778427124,0.7748299319727892,,,,NO
RQ1_20260914T175757Z,normal,Q020,shifted,sacr,1,M048011,1.0,0.7687074829931974,1.0,1.0,1.0,>30
RQ1_20260914T175757Z,normal,Q020,shifted,sacr,2,M069109,0.9990991950035095,0.8231292517006803,0.9806570338058888,1.0,0.9946237802505493,NO
RQ1_20260914T175757Z,normal,Q020,shifted,sacr,3,M055358,0.995281457901001,0.7891156462585034,0.9740552386544753,1.0,0.9906827211380005,NO
RQ1_20260914T175757Z,normal,Q020,shifted,sacr,4,M033563,0.9956273436546326,0.7755102040816327,0.9691772921734755,1.0,0.9896707534790039,>30
RQ1_20260914T175757Z,normal,Q020,shifted,sacr,5,M064735,0.9988635778427124,0.7748299319727892,0.943452380952381,1.0,0.9851812124252319,NO
RQ1_20260914T175757Z,shuffled,Q001,base,baseline,1,M035956,1.0,0.6761904761904762,,,,NO
RQ1_20260914T175757Z,shuffled,Q001,base,baseline,2,M026240,0.9994783997535706,0.9482993197278912,,,,<30
RQ1_20260914T175757Z,shuffled,Q001,base,baseline,3,M035537,0.9994309544563293,0.8380952380952381,,,,NO
RQ1_20260914T175757Z,shuffled,Q001,base,baseline,4,M004745,0.9992327690124512,0.6761904761904762,,,,>30
RQ1_20260914T175757Z,shuffled,Q001,base,baseline,5,M027507,0.9991887807846069,0.7047619047619048,,,,>30
RQ1_20260914T175757Z,shuffled,Q001,base,sacr,1,M028549,0.9981349110603333,0.8156462585034013,0.9807776193272376,1.0,0.9940752983093262,>30
RQ1_20260914T175757Z,shuffled,Q001,base,sacr,2,M035537,0.9994309544563293,0.8380952380952381,0.9744138495092693,1.0,0.9932620525360107,NO
RQ1_20260914T175757Z,shuffled,Q001,base,sacr,3,M032957,0.9983353018760681,0.9904761904761905,0.96197571512457,1.0,0.9894951581954956,NO
RQ1_20260914T175757Z,shuffled,Q001,base,sacr,4,M025421,0.9980544447898865,0.819047619047619,0.9598901098901099,1.0,0.9888051748275757,NO
RQ1_20260914T175757Z,shuffled,Q001,base,sacr,5,M028434,0.9981405138969421,0.7047619047619048,0.951465900511702,1.0,0.9867508411407471,NO
RQ1_20260914T175757Z,shuffled,Q001,shifted,baseline,1,M035956,1.0,0.6353741496598639,,,,NO
RQ1_20260914T175757Z,shuffled,Q001,shifted,baseline,2,M026240,0.9994783997535706,0.9346938775510204,,,,<30
RQ1_20260914T175757Z,shuffled,Q001,shifted,baseline,3,M035537,0.9994309544563293,0.7972789115646258,,,,NO
RQ1_20260914T175757Z,shuffled,Q001,shifted,baseline,4,M004745,0.9992327690124512,0.6353741496598639,,,,>30
RQ1_20260914T175757Z,shuffled,Q001,shifted,baseline,5,M027507,0.9991887807846069,0.6639455782312925,,,,>30
RQ1_20260914T175757Z,shuffled,Q001,shifted,sacr,1,M028549,0.9981349110603333,0.7748299319727892,0.9807776193272376,1.0,0.9940752983093262,>30
RQ1_20260914T175757Z,shuffled,Q001,shifted,sacr,2,M035537,0.9994309544563293,0.7972789115646258,0.9744138495092693,1.0,0.9932620525360107,NO
RQ1_20260914T175757Z,shuffled,Q001,shifted,sacr,3,M032957,0.9983353018760681,0.9496598639455783,0.96197571512457,1.0,0.9894951581954956,NO
RQ1_20260914T175757Z,shuffled,Q001,shifted,sacr,4,M025421,0.9980544447898865,0.7782312925170068,0.9598901098901099,1.0,0.9888051748275757,NO
RQ1_20260914T175757Z,shuffled,Q001,shifted,sacr,5,M028132,0.9980447292327881,0.7748299319727892,0.9427418001845481,1.0,0.9845123291015625,>30
RQ1_20260914T175757Z,shuffled,Q002,base,baseline,1,M060927,1.0,0.8285714285714285,,,,NO
RQ1_20260914T175757Z,shuffled,Q002,base,baseline,2,M085993,0.9992295503616333,0.5600250626566415,,,,NO
RQ1_20260914T175757Z,shuffled,Q002,base,baseline,3,M053942,0.9991354942321777,0.5619047619047619,,,,>30
RQ1_20260914T175757Z,shuffled,Q002,base,baseline,4,M047437,0.999078631401062,0.7013605442176871,,,,<30
RQ1_20260914T175757Z,shuffled,Q002,base,baseline,5,M050872,0.9990516901016235,0.5600250626566415,,,,>30
RQ1_20260914T175757Z,shuffled,Q002,base,sacr,1,M060927,1.0,0.8285714285714285,1.0,1.0,1.0,NO
RQ1_20260914T175757Z,shuffled,Q002,base,sacr,2,M047502,0.998629093170166,0.9292517006802721,0.9870092693565977,1.0,0.9959298372268677,NO
RQ1_20260914T175757Z,shuffled,Q002,base,sacr,3,M069758,0.998687744140625,0.8312925170068028,0.9790757906215921,1.0,0.9939815998077393,NO
RQ1_20260914T175757Z,shuffled,Q002,base,sacr,4,M047437,0.999078631401062,0.7013605442176871,0.9770992366412213,1.0,0.9937219619750977,<30
RQ1_20260914T175757Z,shuffled,Q002,base,sacr,5,M069240,0.9972434043884277,0.8476190476190476,0.9807660850599781,1.0,0.9935375452041626,>30
RQ1_20260914T175757Z,shuffled,Q002,shifted,baseline,1,M060927,1.0,0.8210526315789474,,,,NO
RQ1_20260914T175757Z,shuffled,Q002,shifted,baseline,2,M085993,0.9992295503616333,0.556265664160401,,,,NO
RQ1_20260914T175757Z,shuffled,Q002,shifted,baseline,3,M053942,0.9991354942321777,0.5543859649122808,,,,>30
RQ1_20260914T175757Z,shuffled,Q002,shifted,baseline,4,M047437,0.999078631401062,0.693841747225206,,,,<30
RQ1_20260914T175757Z,shuffled,Q002,shifted,baseline,5,M050872,0.9990516901016235,0.556265664160401,,,,>30
RQ1_20260914T175757Z,shuffled,Q002,shifted,sacr,1,M060927,1.0,0.8210526315789474,1.0,1.0,1.0,NO
RQ1_20260914T175757Z,shuffled,Q002,shifted,sacr,2,M047502,0.998629093170166,0.9217329036877909,0.9870092693565977,1.0,0.9959298372268677,NO
RQ1_20260914T175757Z,shuffled,Q002,shifted,sacr,3,M069758,0.998687744140625,0.8237737200143217,0.9790757906215921,1.0,0.9939815998077393,NO
RQ1_20260914T175757Z,shuffled,Q002,shifted,sacr,4,M069240,0.9972434043884277,0.8401002506265665,0.9807660850599781,1.0,0.9935375452041626,>30
RQ1_20260914T175757Z,shuffled,Q002,shifted,sacr,5,M051698,0.9978924989700317,0.8401002506265665,0.9700427117411851,1.0,0.991246223449707,NO
RQ1_20260914T175757Z,shuffled,Q003,base,baseline,1,M079920,1.0,0.8306122448979593,,,,NO
RQ1_20260914T175757Z,shuffled,Q003,base,baseline,2,M020261,0.9993844032287598,0.5068027210884354,,,,NO
RQ1_20260914T175757Z,shuffled,Q003,base,baseline,3,M012821,0.9993844032287598,0.7993197278911566,,,,<30
RQ1_20260914T175757Z,shuffled,Q003,base,baseline,4,M094507,0.9993553161621094,0.8306122448979593,,,,>30
RQ1_20260914T175757Z,shuffled,Q003,base,baseline,5,M053193,0.9993504881858826,0.6687074829931973,,,,>30
RQ1_20260914T175757Z,shuffled,Q003,base,sacr,1,M079920,1.0,0.8306122448979593,1.0,1.0,1.0,NO
RQ1_20260914T175757Z,shuffled,Q003,base,sacr,2,M012821,0.9993844032287598,0.7993197278911566,0.9938522355507089,1.0,0.9980937242507935,<30
RQ1_20260914T175757Z,shuffled,Q003,base,sacr,3,M072610,0.9990502595901489,0.7925170068027212,0.9859187568157034,1.0,0.9959099292755127,NO
RQ1_20260914T175757Z,shuffled,Q003,base,sacr,4,M028717,0.9990425109863281,0.9802721088435374,0.9711423118865866,1.0,0.992211103439331,>30
RQ1_20260914T175757Z,shuffled,Q003,base,sacr,5,M094507,0.9993553161621094,0.8306122448979593,0.9672619047619048,1.0,0.9914286136627197,>30
RQ1_20260914T175757Z,shuffled,Q003,shifted,baseline,1,M079920,1.0,0.8020408163265307,,,,NO
RQ1_20260914T175757Z,shuffled,Q003,shifted,baseline,2,M020261,0.9993844032287598,0.5544217687074829,,,,NO
RQ1_20260914T175757Z,shuffled,Q003,shifted,baseline,3,M012821,0.9993844032287598,0.8469387755102041,,,,<30
RQ1_20260914T175757Z,shuffled,Q003,shifted,baseline,4,M094507,0.9993553161621094,0.7829931972789116,,,,>30
RQ1_20260914T175757Z,shuffled,Q003,shifted,baseline,5,M053193,0.9993504881858826,0.6782312925170068,,,,>30
RQ1_20260914T175757Z,shuffled,Q003,shifted,sacr,1,M079920,1.0,0.8020408163265307,1.0,1.0,1.0,NO
RQ1_20260914T175757Z,shuffled,Q003,shifted,sacr,2,M012821,0.9993844032287598,0.8469387755102041,0.9938522355507089,1.0,0.9980937242507935,<30
RQ1_20260914T175757Z,shuffled,Q003,shifted,sacr,3,M072610,0.9990502595901489,0.8401360544217688,0.9859187568157034,1.0,0.9959099292755127,NO
RQ1_20260914T175757Z,shuffled,Q003,shifted,sacr,4,M028717,0.9990425109863281,0.9517006802721089,0.9711423118865866,1.0,0.992211103439331,>30
RQ1_20260914T175757Z,shuffled,Q003,shifted,sacr,5,M036451,0.9987308382987976,0.7108843537414966,0.9711423118865866,1.0,0.9920240640640259,NO
RQ1_20260914T175757Z,shuffled,Q004,base,baseline,1,M050078,1.0,0.6884353741496599,,,,>30
RQ1_20260914T175757Z,shuffled,Q004,base,baseline,2,M059745,0.9982020854949951,0.6884353741496599,,,,>30
RQ1_20260914T175757Z,shuffled,Q004,base,baseline,3,M059135,0.9978526830673218,0.5523809523809524,,,,NO
RQ1_20260914T175757Z,shuffled,Q004,base,baseline,4,M039907,0.9973300099372864,0.545578231292517,,,,>30
RQ1_20260914T175757Z,shuffled,Q004,base,baseline,5,M069349,0.9972748756408691,0.8312925170068028,,,,>30
RQ1_20260914T175757Z,shuffled,Q004,base,sacr,1,M091738,0.9967393279075623,0.8217687074829932,0.9236400050331348,1.0,0.9789535999298096,>30
RQ1_20260914T175757Z,shuffled,Q004,base,sacr,2,M051851,0.996674656867981,0.8210884353741498,0.8982698599110812,1.0,0.9725723266601562,NO
RQ1_20260914T175757Z,shuffled,Q004,base,sacr,3,M052499,0.9966471791267395,0.8312925170068028,0.8964002600452982,1.0,0.9720883369445801,>30
RQ1_20260914T175757Z,shuffled,Q004,base,sacr,4,M083417,0.9964045882225037,0.8122448979591838,0.8930448368425468,1.0,0.9711039066314697,NO
RQ1_20260914T175757Z,shuffled,Q004,base,sacr,5,M084918,0.9960356950759888,0.7074829931972789,0.8894618740038587,1.0,0.9699869155883789,NO
RQ1_20260914T175757Z,shuffled,Q004,shifted,baseline,1,M050078,1.0,0.6884353741496599,,,,>30
RQ1_20260914T175757Z,shuffled,Q004,shifted,baseline,2,M059745,0.9982020854949951,0.6884353741496599,,,,>30
RQ1_20260914T175757Z,shuffled,Q004,shifted,baseline,3,M059135,0.9978526830673218,0.6952380952380953,,,,NO
RQ1_20260914T175757Z,shuffled,Q004,shifted,baseline,4,M039907,0.9973300099372864,0.545578231292517,,,,>30
RQ1_20260914T175757Z,shuffled,Q004,shifted,baseline,5,M069349,0.9972748756408691,0.8312925170068028,,,,>30
RQ1_20260914T175757Z,shuffled,Q004,shifted,sacr,1,M049322,0.9965438842773438,0.8294128177586825,0.9580089757570673,1.0,0.9874286651611328,<30
RQ1_20260914T175757Z,shuffled,Q004,shifted,sacr,2,M091738,0.9967393279075623,0.8217687074829932,0.9236400050331348,1.0,0.9789535999298096,>30
RQ1_20260914T175757Z,shuffled,Q004,shifted,sacr,3,M077874,0.9964801073074341,0.8217687074829932,0.9029433352906635,1.0,0.9736239910125732,>30
RQ1_20260914T175757Z,shuffled,Q004,shifted,sacr,4,M051851,0.996674656867981,0.8210884353741498,0.8982698599110812,1.0,0.9725723266601562,NO
RQ1_20260914T175757Z,shuffled,Q004,shifted,sacr,5,M052499,0.9966471791267395,0.9741496598639456,0.8964002600452982,1.0,0.9720883369445801,>30
RQ1_20260914T175757Z,shuffled,Q005,base,baseline,1,M044080,1.0,0.6884353741496599,,,,<30
RQ1_20260914T175757Z,shuffled,Q005,base,baseline,2,M094262,0.9996137619018555,0.6884353741496599,,,,NO
RQ1_20260914T175757Z,shuffled,Q005,base,baseline,3,M054662,0.999446451663971,0.6789115646258503,,,,>30
RQ1_20260914T175757Z,shuffled,Q005,base,baseline,4,M075292,0.999291181564331,0.545578231292517,,,,NO
RQ1_20260914T175757Z,shuffled,Q005,base,baseline,5,M065819,0.9992685317993164,0.6979591836734694,,,,NO
RQ1_20260914T175757Z,shuffled,Q005,base,sacr,1,M054335,0.998910665512085,0.8312925170068028,0.9934569247546347,1.0,0.9977105855941772,>30
RQ1_20260914T175757Z,shuffled,Q005,base,sacr,2,M049456,0.9987752437591553,0.8312925170068028,0.9877044711014176,1.0,0.9961912631988525,NO
RQ1_20260914T175757Z,shuffled,Q005,base,sacr,3,M099801,0.9989891648292542,0.8312925170068028,0.9836423118865867,1.0,0.9953041076660156,>30
RQ1_20260914T175757Z,shuffled,Q005,base,sacr,4,M051502,0.9991634488105774,0.84421768707483,0.9760087241003271,1.0,0.9935002326965332,NO
RQ1_20260914T175757Z,shuffled,Q005,base,sacr,5,M065637,0.9988552331924438,0.7040816326530612,0.9757088331515812,1.0,0.9932403564453125,NO
RQ1_20260914T175757Z,shuffled,Q005,shifted,baseline,1,M044080,1.0,0.6612244897959183,,,,<30
RQ1_20260914T175757Z,shuffled,Q005,shifted,baseline,2,M094262,0.9996137619018555,0.6612244897959183,,,,NO
RQ1_20260914T175757Z,shuffled,Q005,shifted,baseline,3,M054662,0.999446451663971,0.6653061224489797,,,,>30
RQ1_20260914T175757Z,shuffled,Q005,shifted,baseline,4,M075292,0.999291181564331,0.5183673469387755,,,,NO
RQ1_20260914T175757Z,shuffled,Q005,shifted,baseline,5,M065819,0.9992685317993164,0.6707482993197279,,,,NO
RQ1_20260914T175757Z,shuffled,Q005,shifted,sacr,1,M054335,0.998910665512085,0.8040816326530612,0.9934569247546347,1.0,0.9977105855941772,>30
RQ1_20260914T175757Z,shuffled,Q005,shifted,sacr,2,M049456,0.9987752437591553,0.8176870748299321,0.9877044711014176,1.0,0.9961912631988525,NO
RQ1_20260914T175757Z,shuffled,Q005,shifted,sacr,3,M099801,0.9989891648292542,0.8040816326530612,0.9836423118865867,1.0,0.9953041076660156,>30
RQ1_20260914T175757Z,shuffled,Q005,shifted,sacr,4,M051502,0.9991634488105774,0.8170068027210885,0.9760087241003271,1.0,0.9935002326965332,NO
RQ1_20260914T175757Z,shuffled,Q005,shifted,sacr,5,M015782,0.9988552331924438,0.8231292517006803,0.9757088331515812,1.0,0.9932403564453125,<30
RQ1_20260914T175757Z,shuffled,Q006,base,baseline,1,M004727,1.0,0.6068027210884354,,,,NO
RQ1_20260914T175757Z,shuffled,Q006,base,baseline,2,M089503,0.9993441104888916,0.5273720014321518,,,,NO
RQ1_20260914T175757Z,shuffled,Q006,base,baseline,3,M005660,0.9993368983268738,0.6423379878267097,,,,NO
RQ1_20260914T175757Z,shuffled,Q006,base,baseline,4,M030213,0.9992878437042236,0.6185284640171859,,,,NO
RQ1_20260914T175757Z,shuffled,Q006,base,baseline,5,M007441,0.9992638230323792,0.693358395989975,,,,>30
RQ1_20260914T175757Z,shuffled,Q006,base,sacr,1,M089528,0.9990761280059814,0.8266917293233081,0.9734187568157033,1.0,0.9928003549575806,NO
RQ1_20260914T175757Z,shuffled,Q006,base,sacr,2,M068441,0.9975696206092834,0.7885964912280701,0.9732394513883064,1.0,0.9918516874313354,>30
RQ1_20260914T175757Z,shuffled,Q006,base,sacr,3,M010994,0.9978440403938293,0.7885964912280701,0.9698724939182954,1.0,0.991174578666687,NO
RQ1_20260914T175757Z,shuffled,Q006,base,sacr,4,M015635,0.9974744915962219,0.7885964912280701,0.9628250566227665,1.0,0.989190936088562,NO
RQ1_20260914T175757Z,shuffled,Q006,base,sacr,5,M080926,0.9983832240104675,0.8294128177586825,0.9513949472918938,1.0,0.9868787527084351,>30
RQ1_20260914T175757Z,shuffled,Q006,shifted,baseline,1,M004727,1.0,0.5992839240959542,,,,NO
RQ1_20260914T175757Z,shuffled,Q006,shifted,baseline,2,M089503,0.9993441104888916,0.5198532044396706,,,,NO
RQ1_20260914T175757Z,shuffled,Q006,shifted,baseline,3,M005660,0.9993368983268738,0.6348191908342284,,,,NO
RQ1_20260914T175757Z,shuffled,Q006,shifted,baseline,4,M030213,0.9992878437042236,0.6147690655209451,,,,NO
RQ1_20260914T175757Z,shuffled,Q006,shifted,baseline,5,M007441,0.9992638230323792,0.6858395989974938,,,,>30
RQ1_20260914T175757Z,shuffled,Q006,shifted,sacr,1,M089528,0.9990761280059814,0.819172932330827,0.9734187568157033,1.0,0.9928003549575806,NO
RQ1_20260914T175757Z,shuffled,Q006,shifted,sacr,2,M068441,0.9975696206092834,0.7810776942355889,0.9732394513883064,1.0,0.9918516874313354,>30
RQ1_20260914T175757Z,shuffled,Q006,shifted,sacr,3,M010994,0.9978440403938293,0.7810776942355889,0.9698724939182954,1.0,0.991174578666687,NO
RQ1_20260914T175757Z,shuffled,Q006,shifted,sacr,4,M015635,0.9974744915962219,0.7810776942355889,0.9628250566227665,1.0,0.989190936088562,NO
RQ1_20260914T175757Z,shuffled,Q006,shifted,sacr,5,M080926,0.9983832240104675,0.8218940207662013,0.9513949472918938,1.0,0.9868787527084351,>30
RQ1_20260914T175757Z,shuffled,Q007,base,baseline,1,M029944,1.000000238418579,0.5333333333333333,,,,NO
RQ1_20260914T175757Z,shuffled,Q007,base,baseline,2,M003164,0.9993074536323547,0.6857142857142857,,,,>30
RQ1_20260914T175757Z,shuffled,Q007,base,baseline,3,M030690,0.9987031817436218,0.6700680272108844,,,,>30
RQ1_20260914T175757Z,shuffled,Q007,base,baseline,4,M010909,0.9986845850944519,0.65578231292517,,,,>30
RQ1_20260914T175757Z,shuffled,Q007,base,baseline,5,M035734,0.9985516667366028,0.5197278911564626,,,,>30
RQ1_20260914T175757Z,shuffled,Q007,base,sacr,1,M003265,0.9979531168937683,0.8380952380952381,0.9533966669462852,1.0,0.9871209859848022,<30
RQ1_20260914T175757Z,shuffled,Q007,base,sacr,2,M041095,0.9984678626060486,0.8122448979591838,0.9506410256410256,1.0,0.9867409467697144,NO
RQ1_20260914T175757Z,shuffled,Q007,base,sacr,3,M024621,0.997981607913971,0.819047619047619,0.9505204401196767,1.0,0.9864190816879272,>30
RQ1_20260914T175757Z,shuffled,Q007,base,sacr,4,M035171,0.9982197284698486,0.7047619047619048,0.9383454967424434,1.0,0.9835182428359985,>30
RQ1_20260914T175757Z,shuffled,Q007,base,sacr,5,M008076,0.9980494976043701,0.7142857142857143,0.9355646897631631,1.0,0.9827209711074829,>30
RQ1_20260914T175757Z,shuffled,Q007,shifted,baseline,1,M029944,1.000000238418579,0.5714285714285714,,,,NO
RQ1_20260914T175757Z,shuffled,Q007,shifted,baseline,2,M003164,0.9993074536323547,0.7047619047619048,,,,>30
RQ1_20260914T175757Z,shuffled,Q007,shifted,baseline,3,M030690,0.9987031817436218,0.6319727891156462,,,,>30
RQ1_20260914T175757Z,shuffled,Q007,shifted,baseline,4,M010909,0.9986845850944519,0.6938775510204083,,,,>30
RQ1_20260914T175757Z,shuffled,Q007,shifted,baseline,5,M035734,0.9985516667366028,0.5578231292517006,,,,>30
RQ1_20260914T175757Z,shuffled,Q007,shifted,sacr,1,M003265,0.9979531168937683,0.8380952380952381,0.9533966669462852,1.0,0.9871209859848022,<30
RQ1_20260914T175757Z,shuffled,Q007,shifted,sacr,2,M041095,0.9984678626060486,0.8503401360544218,0.9506410256410256,1.0,0.9867409467697144,NO
RQ1_20260914T175757Z,shuffled,Q007,shifted,sacr,3,M024621,0.997981607913971,0.8571428571428571,0.9505204401196767,1.0,0.9864190816879272,>30
RQ1_20260914T175757Z,shuffled,Q007,shifted,sacr,4,M034137,0.9973219633102417,0.8367346938775511,0.9349900735396918,1.0,0.9821406602859497,NO
RQ1_20260914T175757Z,shuffled,Q007,shifted,sacr,5,M003164,0.9993074536323547,0.7047619047619048,0.928880407124682,1.0,0.981804609298706,>30
RQ1_20260914T175757Z,shuffled,Q008,base,baseline,1,M084575,1.0000001192092896,0.7090046544933762,,,,>30
RQ1_20260914T175757Z,shuffled,Q008,base,baseline,2,M077672,1.0000001192092896,0.6831543143573219,,,,NO
RQ1_20260914T175757Z,shuffled,Q008,base,baseline,3,M095446,1.0000001192092896,0.7022019334049409,,,,>30
RQ1_20260914T175757Z,shuffled,Q008,base,baseline,4,M092915,0.9998024702072144,0.6797529538131043,,,,<30
RQ1_20260914T175757Z,shuffled,Q008,base,baseline,5,M081790,0.9997596740722656,0.6994808449695668,,,,NO
RQ1_20260914T175757Z,shuffled,Q008,base,sacr,1,M084575,1.0000001192092896,0.7090046544933762,1.0,1.0,1.0000001192092896,>30
RQ1_20260914T175757Z,shuffled,Q008,base,sacr,2,M095446,1.0000001192092896,0.7022019334049409,1.0,1.0,1.0000001192092896,>30
RQ1_20260914T175757Z,shuffled,Q008,base,sacr,3,M076048,0.9997464418411255,0.8382563551736484,0.9964285714285713,1.0,0.9989550113677979,NO
RQ1_20260914T175757Z,shuffled,Q008,base,sacr,4,M095593,0.9994862675666809,0.7022019334049409,0.9953380588876771,1.0,0.9985263347625732,NO
RQ1_20260914T175757Z,shuffled,Q008,base,sacr,5,M065714,0.9995644688606262,0.7056032939491585,0.994942748091603,1.0,0.9984743595123291,NO
RQ1_20260914T175757Z,shuffled,Q008,shifted,baseline,1,M084575,1.0000001192092896,0.8518617973505191,,,,>30
RQ1_20260914T175757Z,shuffled,Q008,shifted,baseline,2,M077672,1.0000001192092896,0.6831543143573219,,,,NO
RQ1_20260914T175757Z,shuffled,Q008,shifted,baseline,3,M095446,1.0000001192092896,0.8450590762620838,,,,>30
RQ1_20260914T175757Z,shuffled,Q008,shifted,baseline,4,M092915,0.9998024702072144,0.6797529538131043,,,,<30
RQ1_20260914T175757Z,shuffled,Q008,shifted,baseline,5,M081790,0.9997596740722656,0.6994808449695668,,,,NO
RQ1_20260914T175757Z,shuffled,Q008,shifted,sacr,1,M084575,1.0000001192092896,0.8518617973505191,1.0,1.0,1.0000001192092896,>30
RQ1_20260914T175757Z,shuffled,Q008,shifted,sacr,2,M095446,1.0000001192092896,0.8450590762620838,1.0,1.0,1.0000001192092896,>30
RQ1_20260914T175757Z,shuffled,Q008,shifted,sacr,3,M076048,0.9997464418411255,0.8382563551736484,0.9964285714285713,1.0,0.9989550113677979,NO
RQ1_20260914T175757Z,shuffled,Q008,shifted,sacr,4,M065714,0.9995644688606262,0.8484604368063015,0.994942748091603,1.0,0.9984743595123291,NO
RQ1_20260914T175757Z,shuffled,Q008,shifted,sacr,5,M063614,0.9990450143814087,0.9661475116362334,0.9942475463467829,1.0,0.9979889392852783,>30
RQ1_20260914T175757Z,shuffled,Q009,base,baseline,1,M059479,1.0000001192092896,0.8244897959183675,,,,<30
RQ1_20260914T175757Z,shuffled,Q009,base,baseline,2,M036132,0.9998601675033569,0.672108843537415,,,,NO
RQ1_20260914T175757Z,shuffled,Q009,base,baseline,3,M062630,0.9998169541358948,0.7047619047619048,,,,NO
RQ1_20260914T175757Z,shuffled,Q009,base,baseline,4,M050160,0.9997589588165283,0.8054421768707484,,,,>30
RQ1_20260914T175757Z,shuffled,Q009,base,baseline,5,M063761,0.9996360540390015,0.9448979591836736,,,,>30
RQ1_20260914T175757Z,shuffled,Q009,base,sacr,1,M059479,1.0000001192092896,0.8244897959183675,1.0,1.0,1.0000001192092896,<30
RQ1_20260914T175757Z,shuffled,Q009,base,sacr,2,M050160,0.9997589588165283,0.8054421768707484,0.9964285714285713,1.0,0.9989625215530396,>30
RQ1_20260914T175757Z,shuffled,Q009,base,sacr,3,M062630,0.9998169541358948,0.7047619047619048,0.9946428571428572,1.0,0.9985508918762207,NO
RQ1_20260914T175757Z,shuffled,Q009,base,sacr,4,M063761,0.9996360540390015,0.9448979591836736,0.9945474372955289,1.0,0.9984184503555298,>30
RQ1_20260914T175757Z,shuffled,Q009,base,sacr,5,M043070,0.998935341835022,0.8244897959183675,0.9899809160305343,1.0,0.9968564510345459,NO
RQ1_20260914T175757Z,shuffled,Q009,shifted,baseline,1,M059479,1.0000001192092896,0.7972789115646258,,,,<30
RQ1_20260914T175757Z,shuffled,Q009,shifted,baseline,2,M036132,0.9998601675033569,0.6448979591836734,,,,NO
RQ1_20260914T175757Z,shuffled,Q009,shifted,baseline,3,M062630,0.9998169541358948,0.6775510204081633,,,,NO
RQ1_20260914T175757Z,shuffled,Q009,shifted,baseline,4,M050160,0.9997589588165283,0.7782312925170068,,,,>30
RQ1_20260914T175757Z,shuffled,Q009,shifted,baseline,5,M063761,0.9996360540390015,0.9176870748299321,,,,>30
RQ1_20260914T175757Z,shuffled,Q009,shifted,sacr,1,M059479,1.0000001192092896,0.7972789115646258,1.0,1.0,1.0000001192092896,<30
RQ1_20260914T175757Z,shuffled,Q009,shifted,sacr,2,M050160,0.9997589588165283,0.7782312925170068,0.9964285714285713,1.0,0.9989625215530396,>30
RQ1_20260914T175757Z,shuffled,Q009,shifted,sacr,3,M063761,0.9996360540390015,0.9176870748299321,0.9945474372955289,1.0,0.9984184503555298,>30
RQ1_20260914T175757Z,shuffled,Q009,shifted,sacr,4,M043070,0.998935341835022,0.7972789115646258,0.9899809160305343,1.0,0.9968564510345459,NO
RQ1_20260914T175757Z,shuffled,Q009,shifted,sacr,5,M043839,0.9994065761566162,0.7972789115646258,0.9862186477644492,1.0,0.9961986541748047,NO
RQ1_20260914T175757Z,shuffled,Q010,base,baseline,1,M056742,1.0,0.7105263157894737,,,,>30
RQ1_20260914T175757Z,shuffled,Q010,base,baseline,2,M070305,0.9997192025184631,0.6683494450411743,,,,>30
RQ1_20260914T175757Z,shuffled,Q010,base,baseline,3,M093113,0.999483585357666,0.6622269960615826,,,,<30
RQ1_20260914T175757Z,shuffled,Q010,base,baseline,4,M086442,0.999469518661499,0.6941997851772289,,,,NO
RQ1_20260914T175757Z,shuffled,Q010,base,baseline,5,M070100,0.9994654655456543,0.8084854994629431,,,,>30
RQ1_20260914T175757Z,shuffled,Q010,base,sacr,1,M056742,1.0,0.7105263157894737,1.0,1.0,1.0,>30
RQ1_20260914T175757Z,shuffled,Q010,base,sacr,2,M022570,0.9993749856948853,0.7037235947010384,0.9860141766630316,1.0,0.9961285591125488,NO
RQ1_20260914T175757Z,shuffled,Q010,base,sacr,3,M070100,0.9994654655456543,0.8084854994629431,0.9857142857142858,1.0,0.996107816696167,>30
RQ1_20260914T175757Z,shuffled,Q010,base,sacr,4,M090528,0.9992031455039978,0.8370569280343717,0.9856188658669575,1.0,0.9959266185760498,>30
RQ1_20260914T175757Z,shuffled,Q010,base,sacr,5,M025930,0.9991777539253235,0.7037235947010384,0.9827426390403489,1.0,0.995192289352417,<30
RQ1_20260914T175757Z,shuffled,Q010,shifted,baseline,1,M056742,1.0,0.7030075187969924,,,,>30
RQ1_20260914T175757Z,shuffled,Q010,shifted,baseline,2,M070305,0.9997192025184631,0.6608306480486931,,,,>30
RQ1_20260914T175757Z,shuffled,Q010,shifted,baseline,3,M093113,0.999483585357666,0.6547081990691013,,,,<30
RQ1_20260914T175757Z,shuffled,Q010,shifted,baseline,4,M086442,0.999469518661499,0.6866809881847475,,,,NO
RQ1_20260914T175757Z,shuffled,Q010,shifted,baseline,5,M070100,0.9994654655456543,0.8009667024704619,,,,>30
RQ1_20260914T175757Z,shuffled,Q010,shifted,sacr,1,M056742,1.0,0.7030075187969924,1.0,1.0,1.0,>30
RQ1_20260914T175757Z,shuffled,Q010,shifted,sacr,2,M070100,0.9994654655456543,0.8009667024704619,0.9857142857142858,1.0,0.996107816696167,>30
RQ1_20260914T175757Z,shuffled,Q010,shifted,sacr,3,M090528,0.9992031455039978,0.8295381310418904,0.9856188658669575,1.0,0.9959266185760498,>30
RQ1_20260914T175757Z,shuffled,Q010,shifted,sacr,4,M051161,0.9992469549179077,0.8295381310418904,0.9822519083969465,1.0,0.9951112270355225,<30
RQ1_20260914T175757Z,shuffled,Q010,shifted,sacr,5,M006985,0.9990848302841187,0.8077694235588971,0.978680479825518,1.0,0.9941210746765137,<30
RQ1_20260914T175757Z,shuffled,Q011,base,baseline,1,M043191,1.0000001192092896,0.8285714285714285,,,,NO
RQ1_20260914T175757Z,shuffled,Q011,base,baseline,2,M042153,1.0000001192092896,0.834013605442177,,,,<30
RQ1_20260914T175757Z,shuffled,Q011,base,baseline,3,M063474,1.0000001192092896,0.9714285714285714,,,,NO
RQ1_20260914T175757Z,shuffled,Q011,base,baseline,4,M042506,1.0000001192092896,0.7047619047619048,,,,>30
RQ1_20260914T175757Z,shuffled,Q011,base,baseline,5,M089762,0.999800980091095,0.5714285714285714,,,,NO
RQ1_20260914T175757Z,shuffled,Q011,base,sacr,1,M043191,1.0000001192092896,0.8285714285714285,1.0,1.0,1.0000001192092896,NO
RQ1_20260914T175757Z,shuffled,Q011,base,sacr,2,M042153,1.0000001192092896,0.834013605442177,1.0,1.0,1.0000001192092896,<30
RQ1_20260914T175757Z,shuffled,Q011,base,sacr,3,M063474,1.0000001192092896,0.9714285714285714,1.0,1.0,1.0000001192092896,NO
RQ1_20260914T175757Z,shuffled,Q011,base,sacr,4,M042506,1.0000001192092896,0.7047619047619048,1.0,1.0,1.0000001192092896,>30
RQ1_20260914T175757Z,shuffled,Q011,base,sacr,5,M042804,0.999800980091095,0.9714285714285714,0.9964285714285713,1.0,0.9989877939224243,NO
RQ1_20260914T175757Z,shuffled,Q011,shifted,baseline,1,M043191,1.0000001192092896,0.8571428571428571,,,,NO
RQ1_20260914T175757Z,shuffled,Q011,shifted,baseline,2,M042153,1.0000001192092896,0.8244897959183675,,,,<30
RQ1_20260914T175757Z,shuffled,Q011,shifted,baseline,3,M063474,1.0000001192092896,1.0,,,,NO
RQ1_20260914T175757Z,shuffled,Q011,shifted,baseline,4,M042506,1.0000001192092896,0.6952380952380953,,,,>30
RQ1_20260914T175757Z,shuffled,Q011,shifted,baseline,5,M089762,0.999800980091095,0.5428571428571428,,,,NO
RQ1_20260914T175757Z,shuffled,Q011,shifted,sacr,1,M043191,1.0000001192092896,0.8571428571428571,1.0,1.0,1.0000001192092896,NO
RQ1_20260914T175757Z,shuffled,Q011,shifted,sacr,2,M042153,1.0000001192092896,0.8244897959183675,1.0,1.0,1.0000001192092896,<30
RQ1_20260914T175757Z,shuffled,Q011,shifted,sacr,3,M063474,1.0000001192092896,1.0,1.0,1.0,1.0000001192092896,NO
RQ1_20260914T175757Z,shuffled,Q011,shifted,sacr,4,M042804,0.999800980091095,1.0,0.9964285714285713,1.0,0.9989877939224243,NO
RQ1_20260914T175757Z,shuffled,Q011,shifted,sacr,5,M036997,0.9992208480834961,0.819047619047619,0.9906761177753545,1.0,0.9972015619277954,>30
RQ1_20260914T175757Z,shuffled,Q012,base,baseline,1,M057809,1.0000001192092896,0.8374149659863946,,,,>30
RQ1_20260914T175757Z,shuffled,Q012,base,baseline,2,M098292,0.9994928240776062,0.8476190476190476,,,,NO
RQ1_20260914T175757Z,shuffled,Q012,base,baseline,3,M036487,0.9994697570800781,0.6952380952380953,,,,NO
RQ1_20260914T175757Z,shuffled,Q012,base,baseline,4,M064739,0.9994279742240906,0.8312925170068028,,,,NO
RQ1_20260914T175757Z,shuffled,Q012,base,baseline,5,M075737,0.9994261264801025,0.7829931972789116,,,,NO
RQ1_20260914T175757Z,shuffled,Q012,base,sacr,1,M057809,1.0000001192092896,0.8374149659863946,1.0,1.0,1.0000001192092896,>30
RQ1_20260914T175757Z,shuffled,Q012,base,sacr,2,M078223,0.9991438388824463,0.8571428571428571,0.9849236641221374,1.0,0.9957172870635986,NO
RQ1_20260914T175757Z,shuffled,Q012,base,sacr,3,M081373,0.9991778135299683,0.8285714285714285,0.9841330425299891,1.0,0.9955400228500366,NO
RQ1_20260914T175757Z,shuffled,Q012,base,sacr,4,M053246,0.9990663528442383,0.980952380952381,0.9838331515812432,1.0,0.9953981637954712,<30
RQ1_20260914T175757Z,shuffled,Q012,base,sacr,5,M091742,0.9990804195404053,0.8176870748299321,0.971633042529989,1.0,0.992356538772583,>30
RQ1_20260914T175757Z,shuffled,Q012,shifted,baseline,1,M057809,1.0000001192092896,0.8374149659863946,,,,>30
RQ1_20260914T175757Z,shuffled,Q012,shifted,baseline,2,M098292,0.9994928240776062,0.8476190476190476,,,,NO
RQ1_20260914T175757Z,shuffled,Q012,shifted,baseline,3,M036487,0.9994697570800781,0.6952380952380953,,,,NO
RQ1_20260914T175757Z,shuffled,Q012,shifted,baseline,4,M064739,0.9994279742240906,0.8312925170068028,,,,NO
RQ1_20260914T175757Z,shuffled,Q012,shifted,baseline,5,M075737,0.9994261264801025,0.7829931972789116,,,,NO
RQ1_20260914T175757Z,shuffled,Q012,shifted,sacr,1,M057809,1.0000001192092896,0.8374149659863946,1.0,1.0,1.0000001192092896,>30
RQ1_20260914T175757Z,shuffled,Q012,shifted,sacr,2,M078223,0.9991438388824463,0.8571428571428571,0.9849236641221374,1.0,0.9957172870635986,NO
RQ1_20260914T175757Z,shuffled,Q012,shifted,sacr,3,M081373,0.9991778135299683,0.8285714285714285,0.9841330425299891,1.0,0.9955400228500366,NO
RQ1_20260914T175757Z,shuffled,Q012,shifted,sacr,4,M053246,0.9990663528442383,0.8380952380952381,0.9838331515812432,1.0,0.9953981637954712,<30
RQ1_20260914T175757Z,shuffled,Q012,shifted,sacr,5,M091742,0.9990804195404053,0.8176870748299321,0.971633042529989,1.0,0.992356538772583,>30
RQ1_20260914T175757Z,shuffled,Q013,base,baseline,1,M004656,1.0000001192092896,0.6880773361976369,,,,>30
RQ1_20260914T175757Z,shuffled,Q013,base,baseline,2,M000434,0.9980655908584595,0.6666666666666667,,,,>30
RQ1_20260914T175757Z,shuffled,Q013,base,baseline,3,M000520,0.9979438781738281,0.6693877551020408,,,,>30
RQ1_20260914T175757Z,shuffled,Q013,base,baseline,4,M000489,0.9978896975517273,0.6428571428571429,,,,NO
RQ1_20260914T175757Z,shuffled,Q013,base,baseline,5,M050404,0.9978283643722534,0.5333333333333333,,,,NO
RQ1_20260914T175757Z,shuffled,Q013,base,sacr,1,M018771,0.995827317237854,0.8285714285714285,0.8071725666191316,1.0,0.9492895603179932,NO
RQ1_20260914T175757Z,shuffled,Q013,base,sacr,2,M012762,0.9964131116867065,0.7047619047619048,0.8049800072700836,1.0,0.9490928649902344,>30
RQ1_20260914T175757Z,shuffled,Q013,base,sacr,3,M018385,0.9974769949913025,0.7142857142857143,0.8007706987668819,1.0,0.9486789703369141,NO
RQ1_20260914T175757Z,shuffled,Q013,base,sacr,4,M005736,0.996353268623352,0.8285714285714285,0.7994435589855436,1.0,0.9476728439331055,NO
RQ1_20260914T175757Z,shuffled,Q013,base,sacr,5,M062818,0.9964196681976318,0.8306122448979593,0.7927662668120682,1.0,0.9460433721542358,NO
RQ1_20260914T175757Z,shuffled,Q013,shifted,baseline,1,M004656,1.0000001192092896,0.6472610096670248,,,,>30
RQ1_20260914T175757Z,shuffled,Q013,shifted,baseline,2,M000434,0.9980655908584595,0.6183315431435733,,,,>30
RQ1_20260914T175757Z,shuffled,Q013,shifted,baseline,3,M000520,0.9979438781738281,0.6346580737558182,,,,>30
RQ1_20260914T175757Z,shuffled,Q013,shifted,baseline,4,M000489,0.9978896975517273,0.6353383458646616,,,,NO
RQ1_20260914T175757Z,shuffled,Q013,shifted,baseline,5,M050404,0.9978283643722534,0.4849982098102399,,,,NO
RQ1_20260914T175757Z,shuffled,Q013,shifted,sacr,1,M018771,0.995827317237854,0.7802363050483352,0.8071725666191316,1.0,0.9492895603179932,NO
RQ1_20260914T175757Z,shuffled,Q013,shifted,sacr,2,M005736,0.996353268623352,0.7802363050483352,0.7994435589855436,1.0,0.9476728439331055,NO
RQ1_20260914T175757Z,shuffled,Q013,shifted,sacr,3,M062818,0.9964196681976318,0.7958825635517366,0.7927662668120682,1.0,0.9460433721542358,NO
RQ1_20260914T175757Z,shuffled,Q013,shifted,sacr,4,M000751,0.9975017309188843,0.7611886860007162,0.7676257584654531,1.0,0.9404075145721436,>30
RQ1_20260914T175757Z,shuffled,Q013,shifted,sacr,5,M003968,0.9959067106246948,0.7611886860007162,0.769603710538825,1.0,0.9399449825286865,NO
RQ1_20260914T175757Z,shuffled,Q014,base,baseline,1,M035347,1.0,0.8008413891872539,,,,<30
RQ1_20260914T175757Z,shuffled,Q014,base,baseline,2,M094911,0.9982353448867798,0.5532223415682063,,,,NO
RQ1_20260914T175757Z,shuffled,Q014,base,baseline,3,M082229,0.9979193806648254,0.8047619047619048,,,,NO
RQ1_20260914T175757Z,shuffled,Q014,base,baseline,4,M078416,0.9977544546127319,0.8198890082348729,,,,NO
RQ1_20260914T175757Z,shuffled,Q014,base,baseline,5,M044523,0.9976707100868225,0.8321339061940566,,,,NO
RQ1_20260914T175757Z,shuffled,Q014,base,sacr,1,M035347,1.0,0.8008413891872539,1.0,1.0,1.0,<30
RQ1_20260914T175757Z,shuffled,Q014,base,sacr,2,M022194,0.997409462928772,0.7940386680988185,0.9362598915079829,1.0,0.9825106859207153,NO
RQ1_20260914T175757Z,shuffled,Q014,base,sacr,3,M053102,0.9963564872741699,0.7940386680988185,0.8903653916058497,1.0,0.9704052209854126,NO
RQ1_20260914T175757Z,shuffled,Q014,base,sacr,4,M005802,0.9961490035057068,0.8416577157178661,0.8818321309733523,1.0,0.9681475162506104,NO
RQ1_20260914T175757Z,shuffled,Q014,base,sacr,5,M041931,0.9950510859489441,0.8008413891872539,0.8389183653496631,1.0,0.9567602872848511,NO
RQ1_20260914T175757Z,shuffled,Q014,shifted,baseline,1,M035347,1.0,0.8280522735409954,,,,<30
RQ1_20260914T175757Z,shuffled,Q014,shifted,baseline,2,M094911,0.9982353448867798,0.5042427497314715,,,,NO
RQ1_20260914T175757Z,shuffled,Q014,shifted,baseline,3,M082229,0.9979193806648254,0.8142857142857144,,,,NO
RQ1_20260914T175757Z,shuffled,Q014,shifted,baseline,4,M078416,0.9977544546127319,0.8090046544933764,,,,NO
RQ1_20260914T175757Z,shuffled,Q014,shifted,baseline,5,M044523,0.9976707100868225,0.783154314357322,,,,NO
RQ1_20260914T175757Z,shuffled,Q014,shifted,sacr,1,M035347,1.0,0.8280522735409954,1.0,1.0,1.0,<30
RQ1_20260914T175757Z,shuffled,Q014,shifted,sacr,2,M022194,0.997409462928772,0.82124955245256,0.9362598915079829,1.0,0.9825106859207153,NO
RQ1_20260914T175757Z,shuffled,Q014,shifted,sacr,3,M053102,0.9963564872741699,0.82124955245256,0.8903653916058497,1.0,0.9704052209854126,NO
RQ1_20260914T175757Z,shuffled,Q014,shifted,sacr,4,M005802,0.9961490035057068,0.7736305048335125,0.8818321309733523,1.0,0.9681475162506104,NO
RQ1_20260914T175757Z,shuffled,Q014,shifted,sacr,5,M041931,0.9950510859489441,0.8280522735409954,0.8389183653496631,1.0,0.9567602872848511,NO
RQ1_20260914T175757Z,shuffled,Q015,base,baseline,1,M051010,1.0,0.6394557823129252,,,,>30
RQ1_20260914T175757Z,shuffled,Q015,base,baseline,2,M076321,0.9997595548629761,0.6666666666666667,,,,>30
RQ1_20260914T175757Z,shuffled,Q015,base,baseline,3,M073842,0.9997595548629761,0.6530612244897959,,,,>30
RQ1_20260914T175757Z,shuffled,Q015,base,baseline,4,M062224,0.9997442960739136,0.7940386680988185,,,,>30
RQ1_20260914T175757Z,shuffled,Q015,base,baseline,5,M049542,0.9994049072265625,0.5219298245614035,,,,NO
RQ1_20260914T175757Z,shuffled,Q015,base,sacr,1,M101026,0.9993199110031128,0.8095238095238095,0.9982142857142857,1.0,0.9991455078125,<30
RQ1_20260914T175757Z,shuffled,Q015,base,sacr,2,M075258,0.9991916418075562,0.9062835660580022,0.993552344601963,1.0,0.9979031085968018,NO
RQ1_20260914T175757Z,shuffled,Q015,base,sacr,3,M063219,0.9991055727005005,0.819047619047619,0.9931570338058887,1.0,0.9977525472640991,NO
RQ1_20260914T175757Z,shuffled,Q015,base,sacr,4,M039788,0.998693585395813,0.8095238095238095,0.9931570338058887,1.0,0.9975054264068604,NO
RQ1_20260914T175757Z,shuffled,Q015,base,sacr,5,M098760,0.9993159770965576,0.8285714285714285,0.9910714285714286,1.0,0.9973574876785278,NO
RQ1_20260914T175757Z,shuffled,Q015,shifted,baseline,1,M051010,1.0,0.7414965986394558,,,,>30
RQ1_20260914T175757Z,shuffled,Q015,shifted,baseline,2,M076321,0.9997595548629761,0.6258503401360545,,,,>30
RQ1_20260914T175757Z,shuffled,Q015,shifted,baseline,3,M073842,0.9997595548629761,0.6394557823129252,,,,>30
RQ1_20260914T175757Z,shuffled,Q015,shifted,baseline,4,M062224,0.9997442960739136,0.637576083064805,,,,>30
RQ1_20260914T175757Z,shuffled,Q015,shifted,baseline,5,M049542,0.9994049072265625,0.4811134980307913,,,,NO
RQ1_20260914T175757Z,shuffled,Q015,shifted,sacr,1,M051010,1.0,0.7414965986394558,1.0,1.0,1.0,>30
RQ1_20260914T175757Z,shuffled,Q015,shifted,sacr,2,M101026,0.9993199110031128,0.7687074829931974,0.9982142857142857,1.0,0.9991455078125,<30
RQ1_20260914T175757Z,shuffled,Q015,shifted,sacr,3,M075258,0.9991916418075562,0.7906373075546008,0.993552344601963,1.0,0.9979031085968018,NO
RQ1_20260914T175757Z,shuffled,Q015,shifted,sacr,4,M063219,0.9991055727005005,0.7782312925170068,0.9931570338058887,1.0,0.9977525472640991,NO
RQ1_20260914T175757Z,shuffled,Q015,shifted,sacr,5,M039788,0.998693585395813,0.7687074829931974,0.9931570338058887,1.0,0.9975054264068604,NO
RQ1_20260914T175757Z,shuffled,Q016,base,baseline,1,M026665,1.0,0.7074829931972789,,,,NO
RQ1_20260914T175757Z,shuffled,Q016,base,baseline,2,M101596,0.9998520016670227,0.6408163265306123,,,,>30
RQ1_20260914T175757Z,shuffled,Q016,base,baseline,3,M100017,0.9998520016670227,0.5360544217687074,,,,>30
RQ1_20260914T175757Z,shuffled,Q016,base,baseline,4,M089155,0.9997481107711792,0.8312925170068028,,,,NO
RQ1_20260914T175757Z,shuffled,Q016,base,baseline,5,M093126,0.9997217655181885,0.6952380952380953,,,,>30
RQ1_20260914T175757Z,shuffled,Q016,base,sacr,1,M026665,1.0,0.7074829931972789,1.0,1.0,1.0,NO
RQ1_20260914T175757Z,shuffled,Q016,base,sacr,2,M068757,0.9996577501296997,0.8503401360544218,0.9946428571428572,1.0,0.9984554052352905,NO
RQ1_20260914T175757Z,shuffled,Q016,base,sacr,3,M070107,0.9994356632232666,0.8571428571428571,0.993552344601963,1.0,0.9980494976043701,>30
RQ1_20260914T175757Z,shuffled,Q016,base,sacr,4,M089155,0.9997481107711792,0.8312925170068028,0.9910714285714286,1.0,0.9976167678833008,NO
RQ1_20260914T175757Z,shuffled,Q016,base,sacr,5,M065454,0.9994766712188721,0.7925170068027211,0.9905806979280262,1.0,0.9973311424255371,NO
RQ1_20260914T175757Z,shuffled,Q016,shifted,baseline,1,M026665,1.0,0.6999641962047978,,,,NO
RQ1_20260914T175757Z,shuffled,Q016,shifted,baseline,2,M101596,0.9998520016670227,0.6332975295381311,,,,>30
RQ1_20260914T175757Z,shuffled,Q016,shifted,baseline,3,M100017,0.9998520016670227,0.5285356247762263,,,,>30
RQ1_20260914T175757Z,shuffled,Q016,shifted,baseline,4,M089155,0.9997481107711792,0.9666308628714645,,,,NO
RQ1_20260914T175757Z,shuffled,Q016,shifted,baseline,5,M093126,0.9997217655181885,0.6877192982456142,,,,>30
RQ1_20260914T175757Z,shuffled,Q016,shifted,sacr,1,M068757,0.9996577501296997,0.8428213390619407,0.9946428571428572,1.0,0.9984554052352905,NO
RQ1_20260914T175757Z,shuffled,Q016,shifted,sacr,2,M070107,0.9994356632232666,0.849624060150376,0.993552344601963,1.0,0.9980494976043701,>30
RQ1_20260914T175757Z,shuffled,Q016,shifted,sacr,3,M089155,0.9997481107711792,0.9666308628714645,0.9910714285714286,1.0,0.9976167678833008,NO
RQ1_20260914T175757Z,shuffled,Q016,shifted,sacr,4,M065454,0.9994766712188721,0.7849982098102399,0.9905806979280262,1.0,0.9973311424255371,NO
RQ1_20260914T175757Z,shuffled,Q016,shifted,sacr,5,M066785,0.9994966983795166,0.814249910490512,0.989490185387132,1.0,0.9970706701278687,>30
RQ1_20260914T175757Z,shuffled,Q017,base,baseline,1,M058435,1.000000238418579,0.697278911564626,,,,NO
RQ1_20260914T175757Z,shuffled,Q017,base,baseline,2,M059516,0.9993190765380859,0.6659863945578232,,,,>30
RQ1_20260914T175757Z,shuffled,Q017,base,baseline,3,M015445,0.9992053508758545,0.8020408163265307,,,,>30
RQ1_20260914T175757Z,shuffled,Q017,base,baseline,4,M033117,0.9988183379173279,0.8306122448979593,,,,NO
RQ1_20260914T175757Z,shuffled,Q017,base,baseline,5,M032277,0.9987816214561462,0.6591836734693878,,,,NO
RQ1_20260914T175757Z,shuffled,Q017,base,sacr,1,M035900,0.9987359642982483,0.7816326530612245,0.97025627044711,1.0,0.9918056726455688,NO
RQ1_20260914T175757Z,shuffled,Q017,base,sacr,2,M044584,0.9985114336013794,0.8306122448979593,0.9606234096692111,1.0,0.9892627000808716,>30
RQ1_20260914T175757Z,shuffled,Q017,base,sacr,3,M039040,0.9982643723487854,0.8210884353741498,0.9601442132930682,1.0,0.9889947175979614,>30
RQ1_20260914T175757Z,shuffled,Q017,base,sacr,4,M007630,0.9986435174942017,0.8020408163265307,0.9471625702541733,1.0,0.9859768152236938,NO
RQ1_20260914T175757Z,shuffled,Q017,base,sacr,5,M022573,0.9987503886222839,0.8115646258503402,0.9424800072700836,1.0,0.9848703145980835,>30
RQ1_20260914T175757Z,shuffled,Q017,shifted,baseline,1,M058435,1.000000238418579,0.625170068027211,,,,NO
RQ1_20260914T175757Z,shuffled,Q017,shifted,baseline,2,M059516,0.9993190765380859,0.6700680272108844,,,,>30
RQ1_20260914T175757Z,shuffled,Q017,shifted,baseline,3,M015445,0.9992053508758545,0.8061224489795918,,,,>30
RQ1_20260914T175757Z,shuffled,Q017,shifted,baseline,4,M033117,0.9988183379173279,0.7585034013605443,,,,NO
RQ1_20260914T175757Z,shuffled,Q017,shifted,baseline,5,M032277,0.9987816214561462,0.663265306122449,,,,NO
RQ1_20260914T175757Z,shuffled,Q017,shifted,sacr,1,M035900,0.9987359642982483,0.8401360544217688,0.97025627044711,1.0,0.9918056726455688,NO
RQ1_20260914T175757Z,shuffled,Q017,shifted,sacr,2,M044584,0.9985114336013794,0.7775510204081633,0.9606234096692111,1.0,0.9892627000808716,>30
RQ1_20260914T175757Z,shuffled,Q017,shifted,sacr,3,M039040,0.9982643723487854,0.7870748299319728,0.9601442132930682,1.0,0.9889947175979614,>30
RQ1_20260914T175757Z,shuffled,Q017,shifted,sacr,4,M007630,0.9986435174942017,0.8061224489795918,0.9471625702541733,1.0,0.9859768152236938,NO
RQ1_20260914T175757Z,shuffled,Q017,shifted,sacr,5,M022573,0.9987503886222839,0.7965986394557824,0.9424800072700836,1.0,0.9848703145980835,>30
RQ1_20260914T175757Z,shuffled,Q018,base,baseline,1,M050950,1.0000001192092896,0.7047619047619048,,,,NO
RQ1_20260914T175757Z,shuffled,Q018,base,baseline,2,M070554,0.999678373336792,0.8095238095238095,,,,NO
RQ1_20260914T175757Z,shuffled,Q018,base,baseline,3,M047611,0.999678373336792,0.6598639455782314,,,,NO
RQ1_20260914T175757Z,shuffled,Q018,base,baseline,4,M098700,0.9996720552444458,0.8476190476190476,,,,NO
RQ1_20260914T175757Z,shuffled,Q018,base,baseline,5,M098905,0.9995009303092957,0.7857142857142858,,,,NO
RQ1_20260914T175757Z,shuffled,Q018,base,sacr,1,M050950,1.0000001192092896,0.7047619047619048,1.0,1.0,1.0000001192092896,NO
RQ1_20260914T175757Z,shuffled,Q018,base,sacr,2,M070554,0.999678373336792,0.8095238095238095,0.9892857142857142,1.0,0.9971284866333008,NO
RQ1_20260914T175757Z,shuffled,Q018,base,sacr,3,M050902,0.9983291625976562,0.834013605442177,0.9855234460196292,1.0,0.9953783750534058,>30
RQ1_20260914T175757Z,shuffled,Q018,base,sacr,4,M098989,0.9990231990814209,0.8285714285714285,0.9663758633224281,1.0,0.991007924079895,NO
RQ1_20260914T175757Z,shuffled,Q018,base,sacr,5,M052330,0.9986474514007568,0.8285714285714285,0.9604416575790621,1.0,0.989298939704895,NO
RQ1_20260914T175757Z,shuffled,Q018,shifted,baseline,1,M050950,1.0000001192092896,0.6458646616541354,,,,NO
RQ1_20260914T175757Z,shuffled,Q018,shifted,baseline,2,M070554,0.999678373336792,0.8458646616541353,,,,NO
RQ1_20260914T175757Z,shuffled,Q018,shifted,baseline,3,M047611,0.999678373336792,0.696204797708557,,,,NO
RQ1_20260914T175757Z,shuffled,Q018,shifted,baseline,4,M098700,0.9996720552444458,0.8077694235588971,,,,NO
RQ1_20260914T175757Z,shuffled,Q018,shifted,baseline,5,M098905,0.9995009303092957,0.8220551378446116,,,,NO
RQ1_20260914T175757Z,shuffled,Q018,shifted,sacr,1,M070554,0.999678373336792,0.8458646616541353,0.9892857142857142,1.0,0.9971284866333008,NO
RQ1_20260914T175757Z,shuffled,Q018,shifted,sacr,2,M050902,0.9983291625976562,0.7941639813820265,0.9855234460196292,1.0,0.9953783750534058,>30
RQ1_20260914T175757Z,shuffled,Q018,shifted,sacr,3,M098989,0.9990231990814209,0.8268170426065163,0.9663758633224281,1.0,0.991007924079895,NO
RQ1_20260914T175757Z,shuffled,Q018,shifted,sacr,4,M052330,0.9986474514007568,0.8268170426065163,0.9604416575790621,1.0,0.989298939704895,NO
RQ1_20260914T175757Z,shuffled,Q018,shifted,sacr,5,M086654,0.9986222982406616,0.8424633011099176,0.9596510359869138,1.0,0.9890861511230469,>30
RQ1_20260914T175757Z,shuffled,Q019,base,baseline,1,M046472,0.9999999403953552,0.7074829931972789,,,,<30
RQ1_20260914T175757Z,shuffled,Q019,base,baseline,2,M044611,0.9980992674827576,0.5551020408163266,,,,>30
RQ1_20260914T175757Z,shuffled,Q019,base,baseline,3,M042091,0.9978277683258057,0.7074829931972789,,,,NO
RQ1_20260914T175757Z,shuffled,Q019,base,baseline,4,M009259,0.9977409243583679,0.7074829931972789,,,,>30
RQ1_20260914T175757Z,shuffled,Q019,base,baseline,5,M033266,0.9973161220550537,0.8408163265306123,,,,NO
RQ1_20260914T175757Z,shuffled,Q019,base,sacr,1,M046472,0.9999999403953552,0.7074829931972789,1.0,1.0,1.0,<30
RQ1_20260914T175757Z,shuffled,Q019,base,sacr,2,M029073,0.9952285885810852,0.8217687074829932,0.8100694153175069,1.0,0.9496544599533081,<30
RQ1_20260914T175757Z,shuffled,Q019,base,sacr,3,M033698,0.9947562217712402,0.7142857142857143,0.8046916505885972,1.0,0.9480266571044922,NO
RQ1_20260914T175757Z,shuffled,Q019,base,sacr,4,M003382,0.9968868494033813,0.8272108843537416,0.7746962642955009,1.0,0.9418061971664429,>30
RQ1_20260914T175757Z,shuffled,Q019,base,sacr,5,M042091,0.9978277683258057,0.7074829931972789,0.9608369683751363,0.6666666666666666,0.9389059543609619,NO
RQ1_20260914T175757Z,shuffled,Q019,shifted,baseline,1,M046472,0.9999999403953552,0.8299319727891156,,,,<30
RQ1_20260914T175757Z,shuffled,Q019,shifted,baseline,2,M044611,0.9980992674827576,0.5346938775510204,,,,>30
RQ1_20260914T175757Z,shuffled,Q019,shifted,baseline,3,M042091,0.9978277683258057,0.8299319727891156,,,,NO
RQ1_20260914T175757Z,shuffled,Q019,shifted,baseline,4,M009259,0.9977409243583679,0.8299319727891156,,,,>30
RQ1_20260914T175757Z,shuffled,Q019,shifted,baseline,5,M033266,0.9973161220550537,0.6775510204081633,,,,NO
RQ1_20260914T175757Z,shuffled,Q019,shifted,sacr,1,M046472,0.9999999403953552,0.8299319727891156,1.0,1.0,1.0,<30
RQ1_20260914T175757Z,shuffled,Q019,shifted,sacr,2,M029073,0.9952285885810852,0.801360544217687,0.8100694153175069,1.0,0.9496544599533081,<30
RQ1_20260914T175757Z,shuffled,Q019,shifted,sacr,3,M066113,0.9965524673461914,0.8108843537414965,0.7972740681710148,1.0,0.9472500085830688,>30
RQ1_20260914T175757Z,shuffled,Q019,shifted,sacr,4,M030080,0.9951331615447998,0.801360544217687,0.7995505131001314,1.0,0.946967601776123,NO
RQ1_20260914T175757Z,shuffled,Q019,shifted,sacr,5,M003382,0.9968868494033813,0.8068027210884354,0.7746962642955009,1.0,0.9418061971664429,>30
RQ1_20260914T175757Z,shuffled,Q020,base,baseline,1,M048011,1.0,0.5265306122448979,,,,>30
RQ1_20260914T175757Z,shuffled,Q020,base,baseline,2,M080721,0.9993281364440918,0.5265306122448979,,,,NO
RQ1_20260914T175757Z,shuffled,Q020,base,baseline,3,M069109,0.9990991950035095,0.6693877551020408,,,,NO
RQ1_20260914T175757Z,shuffled,Q020,base,baseline,4,M035935,0.9989986419677734,0.5360544217687074,,,,>30
RQ1_20260914T175757Z,shuffled,Q020,base,baseline,5,M064735,0.9988635778427124,0.5265306122448979,,,,NO
RQ1_20260914T175757Z,shuffled,Q020,base,sacr,1,M072608,0.995131254196167,0.8122448979591838,0.9420123451612001,1.0,0.9825818538665771,NO
RQ1_20260914T175757Z,shuffled,Q020,base,sacr,2,M064284,0.996760904788971,0.8312925170068028,0.9208630428096077,1.0,0.9782723188400269,>30
RQ1_20260914T175757Z,shuffled,Q020,base,sacr,3,M055196,0.9969087243080139,0.8380952380952381,0.9134339261247658,1.0,0.9765037298202515,>30
RQ1_20260914T175757Z,shuffled,Q020,base,sacr,4,M047074,0.9939302206039429,0.7074829931972789,0.8874388334312,1.0,0.9682178497314453,NO
RQ1_20260914T175757Z,shuffled,Q020,base,sacr,5,M041266,0.9937375783920288,0.8503401360544218,0.8856898190867657,1.0,0.9676649570465088,NO
RQ1_20260914T175757Z,shuffled,Q020,shifted,baseline,1,M048011,1.0,0.5306122448979592,,,,>30
RQ1_20260914T175757Z,shuffled,Q020,shifted,baseline,2,M080721,0.9993281364440918,0.5306122448979592,,,,NO
RQ1_20260914T175757Z,shuffled,Q020,shifted,baseline,3,M069109,0.9990991950035095,0.673469387755102,,,,NO
RQ1_20260914T175757Z,shuffled,Q020,shifted,baseline,4,M035935,0.9989986419677734,0.5210884353741497,,,,>30
RQ1_20260914T175757Z,shuffled,Q020,shifted,baseline,5,M064735,0.9988635778427124,0.5442176870748299,,,,NO
RQ1_20260914T175757Z,shuffled,Q020,shifted,sacr,1,M084173,0.9951955080032349,0.8034013605442177,0.9585835919805386,1.0,0.9867632389068604,>30
RQ1_20260914T175757Z,shuffled,Q020,shifted,sacr,2,M072608,0.995131254196167,0.8163265306122449,0.9420123451612001,1.0,0.9825818538665771,NO
RQ1_20260914T175757Z,shuffled,Q020,shifted,sacr,3,M083912,0.9948332905769348,0.8163265306122449,0.9411011380477029,1.0,0.9821752309799194,NO
RQ1_20260914T175757Z,shuffled,Q020,shifted,sacr,4,M055196,0.9969087243080139,0.8040816326530612,0.9134339261247658,1.0,0.9765037298202515,>30
RQ1_20260914T175757Z,shuffled,Q020,shifted,sacr,5,M047012,0.9946720600128174,0.8163265306122449,0.8947847635824734,1.0,0.9704993963241577,>30
